event_id,home_team,away_team,commence_time,bookmaker,market,player_name,stat_type,line,direction,odds,fetch_time,week,source
7159d60c7a31c7d593167637723d7663,Baltimore Ravens,New York Jets,2025-11-23T18:00:00Z,draftkings,player_pass_tds,Lamar Jackson,Pass TDs,1.5,Over,-170,2025-11-23T10:02:34.276230,12,draftkings
7159d60c7a31c7d593167637723d7663,Baltimore Ravens,New York Jets,2025-11-23T18:00:00Z,draftkings,player_pass_tds,Lamar Jackson,Pass TDs,1.5,Under,133,2025-11-23T10:02:34.276230,12,draftkings
7159d60c7a31c7d593167637723d7663,Baltimore Ravens,New York Jets,2025-11-23T18:00:00Z,draftkings,player_pass_tds,Tyrod Taylor,Pass TDs,0.5,Over,-177,2025-11-23T10:02:34.276230,12,draftkings
7159d60c7a31c7d593167637723d7663,Baltimore Ravens,New York Jets,2025-11-23T18:00:00Z,draftkings,player_pass_tds,Tyrod Taylor,Pass TDs,0.5,Under,138,2025-11-23T10:02:34.276230,12,draftkings
7159d60c7a31c7d593167637723d7663,Baltimore Ravens,New York Jets,2025-11-23T18:00:00Z,draftkings,player_pass_yds,Lamar Jackson,Pass Yds,209.5,Over,-113,2025-11-23T10:02:34.276230,12,draftkings
7159d60c7a31c7d593167637723d7663,Baltimore Ravens,New York Jets,2025-11-23T18:00:00Z,draftkings,player_pass_yds,Lamar Jackson,Pass Yds,209.5,Under,-111,2025-11-23T10:02:34.276230,12,draftkings
7159d60c7a31c7d593167637723d7663,Baltimore Ravens,New York Jets,2025-11-23T18:00:00Z,draftkings,player_pass_yds,Tyrod Taylor,Pass Yds,187.5,Over,-113,2025-11-23T10:02:34.276230,12,draftkings
7159d60c7a31c7d593167637723d7663,Baltimore Ravens,New York Jets,2025-11-23T18:00:00Z,draftkings,player_pass_yds,Tyrod Taylor,Pass Yds,187.5,Under,-111,2025-11-23T10:02:34.276230,12,draftkings
7159d60c7a31c7d593167637723d7663,Baltimore Ravens,New York Jets,2025-11-23T18:00:00Z,draftkings,player_reception_yds,Zay Flowers,Rec Yds,64.5,Over,-113,2025-11-23T10:02:34.276230,12,draftkings
7159d60c7a31c7d593167637723d7663,Baltimore Ravens,New York Jets,2025-11-23T18:00:00Z,draftkings,player_reception_yds,Zay Flowers,Rec Yds,64.5,Under,-111,2025-11-23T10:02:34.276230,12,draftkings
7159d60c7a31c7d593167637723d7663,Baltimore Ravens,New York Jets,2025-11-23T18:00:00Z,draftkings,player_reception_yds,Adonai Mitchell,Rec Yds,35.5,Over,-114,2025-11-23T10:02:34.276230,12,draftkings
7159d60c7a31c7d593167637723d7663,Baltimore Ravens,New York Jets,2025-11-23T18:00:00Z,draftkings,player_reception_yds,Adonai Mitchell,Rec Yds,35.5,Under,-110,2025-11-23T10:02:34.276230,12,draftkings
7159d60c7a31c7d593167637723d7663,Baltimore Ravens,New York Jets,2025-11-23T18:00:00Z,draftkings,player_reception_yds,Mark Andrews,Rec Yds,33.5,Over,-111,2025-11-23T10:02:34.276230,12,draftkings
7159d60c7a31c7d593167637723d7663,Baltimore Ravens,New York Jets,2025-11-23T18:00:00Z,draftkings,player_reception_yds,Mark Andrews,Rec Yds,33.5,Under,-113,2025-11-23T10:02:34.276230,12,draftkings
7159d60c7a31c7d593167637723d7663,Baltimore Ravens,New York Jets,2025-11-23T18:00:00Z,draftkings,player_reception_yds,Mason Taylor,Rec Yds,32.5,Over,-115,2025-11-23T10:02:34.276230,12,draftkings
7159d60c7a31c7d593167637723d7663,Baltimore Ravens,New York Jets,2025-11-23T18:00:00Z,draftkings,player_reception_yds,Mason Taylor,Rec Yds,32.5,Under,-109,2025-11-23T10:02:34.276230,12,draftkings
7159d60c7a31c7d593167637723d7663,Baltimore Ravens,New York Jets,2025-11-23T18:00:00Z,draftkings,player_reception_yds,John Metchie III,Rec Yds,25.5,Over,-116,2025-11-23T10:02:34.276230,12,draftkings
7159d60c7a31c7d593167637723d7663,Baltimore Ravens,New York Jets,2025-11-23T18:00:00Z,draftkings,player_reception_yds,John Metchie III,Rec Yds,25.5,Under,-108,2025-11-23T10:02:34.276230,12,draftkings
7159d60c7a31c7d593167637723d7663,Baltimore Ravens,New York Jets,2025-11-23T18:00:00Z,draftkings,player_reception_yds,Isaiah Likely,Rec Yds,22.5,Over,-112,2025-11-23T10:02:34.276230,12,draftkings
7159d60c7a31c7d593167637723d7663,Baltimore Ravens,New York Jets,2025-11-23T18:00:00Z,draftkings,player_reception_yds,Isaiah Likely,Rec Yds,22.5,Under,-112,2025-11-23T10:02:34.276230,12,draftkings
7159d60c7a31c7d593167637723d7663,Baltimore Ravens,New York Jets,2025-11-23T18:00:00Z,draftkings,player_reception_yds,DeAndre Hopkins,Rec Yds,21.5,Over,-115,2025-11-23T10:02:34.276230,12,draftkings
7159d60c7a31c7d593167637723d7663,Baltimore Ravens,New York Jets,2025-11-23T18:00:00Z,draftkings,player_reception_yds,DeAndre Hopkins,Rec Yds,21.5,Under,-109,2025-11-23T10:02:34.276230,12,draftkings
7159d60c7a31c7d593167637723d7663,Baltimore Ravens,New York Jets,2025-11-23T18:00:00Z,draftkings,player_reception_yds,Breece Hall,Rec Yds,18.5,Over,-115,2025-11-23T10:02:34.276230,12,draftkings
7159d60c7a31c7d593167637723d7663,Baltimore Ravens,New York Jets,2025-11-23T18:00:00Z,draftkings,player_reception_yds,Breece Hall,Rec Yds,18.5,Under,-109,2025-11-23T10:02:34.276230,12,draftkings
7159d60c7a31c7d593167637723d7663,Baltimore Ravens,New York Jets,2025-11-23T18:00:00Z,draftkings,player_reception_yds,Justice Hill,Rec Yds,13.5,Over,-108,2025-11-23T10:02:34.276230,12,draftkings
7159d60c7a31c7d593167637723d7663,Baltimore Ravens,New York Jets,2025-11-23T18:00:00Z,draftkings,player_reception_yds,Justice Hill,Rec Yds,13.5,Under,-116,2025-11-23T10:02:34.276230,12,draftkings
7159d60c7a31c7d593167637723d7663,Baltimore Ravens,New York Jets,2025-11-23T18:00:00Z,draftkings,player_reception_yds,Isaiah Williams,Rec Yds,11.5,Over,-112,2025-11-23T10:02:34.276230,12,draftkings
7159d60c7a31c7d593167637723d7663,Baltimore Ravens,New York Jets,2025-11-23T18:00:00Z,draftkings,player_reception_yds,Isaiah Williams,Rec Yds,11.5,Under,-112,2025-11-23T10:02:34.276230,12,draftkings
7159d60c7a31c7d593167637723d7663,Baltimore Ravens,New York Jets,2025-11-23T18:00:00Z,draftkings,player_reception_yds,Derrick Henry,Rec Yds,6.5,Over,-104,2025-11-23T10:02:34.276230,12,draftkings
7159d60c7a31c7d593167637723d7663,Baltimore Ravens,New York Jets,2025-11-23T18:00:00Z,draftkings,player_reception_yds,Derrick Henry,Rec Yds,6.5,Under,-120,2025-11-23T10:02:34.276230,12,draftkings
7159d60c7a31c7d593167637723d7663,Baltimore Ravens,New York Jets,2025-11-23T18:00:00Z,draftkings,player_receptions,Zay Flowers,Receptions,4.5,Over,-141,2025-11-23T10:02:34.276230,12,draftkings
7159d60c7a31c7d593167637723d7663,Baltimore Ravens,New York Jets,2025-11-23T18:00:00Z,draftkings,player_receptions,Zay Flowers,Receptions,4.5,Under,111,2025-11-23T10:02:34.276230,12,draftkings
7159d60c7a31c7d593167637723d7663,Baltimore Ravens,New York Jets,2025-11-23T18:00:00Z,draftkings,player_receptions,Mason Taylor,Receptions,3.5,Over,-164,2025-11-23T10:02:34.276230,12,draftkings
7159d60c7a31c7d593167637723d7663,Baltimore Ravens,New York Jets,2025-11-23T18:00:00Z,draftkings,player_receptions,Mason Taylor,Receptions,3.5,Under,128,2025-11-23T10:02:34.276230,12,draftkings
7159d60c7a31c7d593167637723d7663,Baltimore Ravens,New York Jets,2025-11-23T18:00:00Z,draftkings,player_receptions,Mark Andrews,Receptions,3.5,Over,-121,2025-11-23T10:02:34.276230,12,draftkings
7159d60c7a31c7d593167637723d7663,Baltimore Ravens,New York Jets,2025-11-23T18:00:00Z,draftkings,player_receptions,Mark Andrews,Receptions,3.5,Under,-106,2025-11-23T10:02:34.276230,12,draftkings
7159d60c7a31c7d593167637723d7663,Baltimore Ravens,New York Jets,2025-11-23T18:00:00Z,draftkings,player_receptions,John Metchie III,Receptions,2.5,Over,-145,2025-11-23T10:02:34.276230,12,draftkings
7159d60c7a31c7d593167637723d7663,Baltimore Ravens,New York Jets,2025-11-23T18:00:00Z,draftkings,player_receptions,John Metchie III,Receptions,2.5,Under,113,2025-11-23T10:02:34.276230,12,draftkings
7159d60c7a31c7d593167637723d7663,Baltimore Ravens,New York Jets,2025-11-23T18:00:00Z,draftkings,player_receptions,Breece Hall,Receptions,2.5,Over,-134,2025-11-23T10:02:34.276230,12,draftkings
7159d60c7a31c7d593167637723d7663,Baltimore Ravens,New York Jets,2025-11-23T18:00:00Z,draftkings,player_receptions,Breece Hall,Receptions,2.5,Under,105,2025-11-23T10:02:34.276230,12,draftkings
7159d60c7a31c7d593167637723d7663,Baltimore Ravens,New York Jets,2025-11-23T18:00:00Z,draftkings,player_receptions,Adonai Mitchell,Receptions,2.5,Over,-133,2025-11-23T10:02:34.276230,12,draftkings
7159d60c7a31c7d593167637723d7663,Baltimore Ravens,New York Jets,2025-11-23T18:00:00Z,draftkings,player_receptions,Adonai Mitchell,Receptions,2.5,Under,104,2025-11-23T10:02:34.276230,12,draftkings
7159d60c7a31c7d593167637723d7663,Baltimore Ravens,New York Jets,2025-11-23T18:00:00Z,draftkings,player_receptions,Isaiah Likely,Receptions,2.5,Over,109,2025-11-23T10:02:34.276230,12,draftkings
7159d60c7a31c7d593167637723d7663,Baltimore Ravens,New York Jets,2025-11-23T18:00:00Z,draftkings,player_receptions,Isaiah Likely,Receptions,2.5,Under,-140,2025-11-23T10:02:34.276230,12,draftkings
7159d60c7a31c7d593167637723d7663,Baltimore Ravens,New York Jets,2025-11-23T18:00:00Z,draftkings,player_receptions,Justice Hill,Receptions,1.5,Over,-174,2025-11-23T10:02:34.276230,12,draftkings
7159d60c7a31c7d593167637723d7663,Baltimore Ravens,New York Jets,2025-11-23T18:00:00Z,draftkings,player_receptions,Justice Hill,Receptions,1.5,Under,135,2025-11-23T10:02:34.276230,12,draftkings
7159d60c7a31c7d593167637723d7663,Baltimore Ravens,New York Jets,2025-11-23T18:00:00Z,draftkings,player_receptions,DeAndre Hopkins,Receptions,1.5,Over,-164,2025-11-23T10:02:34.276230,12,draftkings
7159d60c7a31c7d593167637723d7663,Baltimore Ravens,New York Jets,2025-11-23T18:00:00Z,draftkings,player_receptions,DeAndre Hopkins,Receptions,1.5,Under,128,2025-11-23T10:02:34.276230,12,draftkings
7159d60c7a31c7d593167637723d7663,Baltimore Ravens,New York Jets,2025-11-23T18:00:00Z,draftkings,player_receptions,Isaiah Williams,Receptions,1.5,Over,-107,2025-11-23T10:02:34.276230,12,draftkings
7159d60c7a31c7d593167637723d7663,Baltimore Ravens,New York Jets,2025-11-23T18:00:00Z,draftkings,player_receptions,Isaiah Williams,Receptions,1.5,Under,-119,2025-11-23T10:02:34.276230,12,draftkings
7159d60c7a31c7d593167637723d7663,Baltimore Ravens,New York Jets,2025-11-23T18:00:00Z,draftkings,player_receptions,Derrick Henry,Receptions,1.5,Over,131,2025-11-23T10:02:34.276230,12,draftkings
7159d60c7a31c7d593167637723d7663,Baltimore Ravens,New York Jets,2025-11-23T18:00:00Z,draftkings,player_receptions,Derrick Henry,Receptions,1.5,Under,-168,2025-11-23T10:02:34.276230,12,draftkings
7159d60c7a31c7d593167637723d7663,Baltimore Ravens,New York Jets,2025-11-23T18:00:00Z,draftkings,player_rush_yds,Derrick Henry,Rush Yds,87.5,Over,-114,2025-11-23T10:02:34.276230,12,draftkings
7159d60c7a31c7d593167637723d7663,Baltimore Ravens,New York Jets,2025-11-23T18:00:00Z,draftkings,player_rush_yds,Derrick Henry,Rush Yds,87.5,Under,-110,2025-11-23T10:02:34.276230,12,draftkings
7159d60c7a31c7d593167637723d7663,Baltimore Ravens,New York Jets,2025-11-23T18:00:00Z,draftkings,player_rush_yds,Breece Hall,Rush Yds,64.5,Over,-113,2025-11-23T10:02:34.276230,12,draftkings
7159d60c7a31c7d593167637723d7663,Baltimore Ravens,New York Jets,2025-11-23T18:00:00Z,draftkings,player_rush_yds,Breece Hall,Rush Yds,64.5,Under,-111,2025-11-23T10:02:34.276230,12,draftkings
7159d60c7a31c7d593167637723d7663,Baltimore Ravens,New York Jets,2025-11-23T18:00:00Z,draftkings,player_rush_yds,Lamar Jackson,Rush Yds,33.5,Over,-112,2025-11-23T10:02:34.276230,12,draftkings
7159d60c7a31c7d593167637723d7663,Baltimore Ravens,New York Jets,2025-11-23T18:00:00Z,draftkings,player_rush_yds,Lamar Jackson,Rush Yds,33.5,Under,-112,2025-11-23T10:02:34.276230,12,draftkings
7159d60c7a31c7d593167637723d7663,Baltimore Ravens,New York Jets,2025-11-23T18:00:00Z,draftkings,player_rush_yds,Tyrod Taylor,Rush Yds,26.5,Over,-108,2025-11-23T10:02:34.276230,12,draftkings
7159d60c7a31c7d593167637723d7663,Baltimore Ravens,New York Jets,2025-11-23T18:00:00Z,draftkings,player_rush_yds,Tyrod Taylor,Rush Yds,26.5,Under,-116,2025-11-23T10:02:34.276230,12,draftkings
7159d60c7a31c7d593167637723d7663,Baltimore Ravens,New York Jets,2025-11-23T18:00:00Z,draftkings,player_rush_yds,Keaton Mitchell,Rush Yds,24.5,Over,-117,2025-11-23T10:02:34.276230,12,draftkings
7159d60c7a31c7d593167637723d7663,Baltimore Ravens,New York Jets,2025-11-23T18:00:00Z,draftkings,player_rush_yds,Keaton Mitchell,Rush Yds,24.5,Under,-107,2025-11-23T10:02:34.276230,12,draftkings
c8913b70b63ae247f23a4e1dec08c668,Chicago Bears,Pittsburgh Steelers,2025-11-23T18:00:00Z,draftkings,player_pass_tds,Caleb Williams,Pass TDs,1.5,Over,-101,2025-11-23T10:02:34.276230,12,draftkings
c8913b70b63ae247f23a4e1dec08c668,Chicago Bears,Pittsburgh Steelers,2025-11-23T18:00:00Z,draftkings,player_pass_tds,Caleb Williams,Pass TDs,1.5,Under,-126,2025-11-23T10:02:34.276230,12,draftkings
c8913b70b63ae247f23a4e1dec08c668,Chicago Bears,Pittsburgh Steelers,2025-11-23T18:00:00Z,draftkings,player_pass_yds,Caleb Williams,Pass Yds,222.5,Over,-112,2025-11-23T10:02:34.276230,12,draftkings
c8913b70b63ae247f23a4e1dec08c668,Chicago Bears,Pittsburgh Steelers,2025-11-23T18:00:00Z,draftkings,player_pass_yds,Caleb Williams,Pass Yds,222.5,Under,-112,2025-11-23T10:02:34.276230,12,draftkings
c8913b70b63ae247f23a4e1dec08c668,Chicago Bears,Pittsburgh Steelers,2025-11-23T18:00:00Z,draftkings,player_reception_yds,Rome Odunze,Rec Yds,53.5,Over,-113,2025-11-23T10:02:34.276230,12,draftkings
c8913b70b63ae247f23a4e1dec08c668,Chicago Bears,Pittsburgh Steelers,2025-11-23T18:00:00Z,draftkings,player_reception_yds,Rome Odunze,Rec Yds,53.5,Under,-111,2025-11-23T10:02:34.276230,12,draftkings
c8913b70b63ae247f23a4e1dec08c668,Chicago Bears,Pittsburgh Steelers,2025-11-23T18:00:00Z,draftkings,player_reception_yds,DK Metcalf,Rec Yds,49.5,Over,-114,2025-11-23T10:02:34.276230,12,draftkings
c8913b70b63ae247f23a4e1dec08c668,Chicago Bears,Pittsburgh Steelers,2025-11-23T18:00:00Z,draftkings,player_reception_yds,DK Metcalf,Rec Yds,49.5,Under,-110,2025-11-23T10:02:34.276230,12,draftkings
c8913b70b63ae247f23a4e1dec08c668,Chicago Bears,Pittsburgh Steelers,2025-11-23T18:00:00Z,draftkings,player_reception_yds,Luther Burden III,Rec Yds,35.5,Over,-111,2025-11-23T10:02:34.276230,12,draftkings
c8913b70b63ae247f23a4e1dec08c668,Chicago Bears,Pittsburgh Steelers,2025-11-23T18:00:00Z,draftkings,player_reception_yds,Luther Burden III,Rec Yds,35.5,Under,-113,2025-11-23T10:02:34.276230,12,draftkings
c8913b70b63ae247f23a4e1dec08c668,Chicago Bears,Pittsburgh Steelers,2025-11-23T18:00:00Z,draftkings,player_reception_yds,DJ Moore,Rec Yds,33.5,Over,-114,2025-11-23T10:02:34.276230,12,draftkings
c8913b70b63ae247f23a4e1dec08c668,Chicago Bears,Pittsburgh Steelers,2025-11-23T18:00:00Z,draftkings,player_reception_yds,DJ Moore,Rec Yds,33.5,Under,-110,2025-11-23T10:02:34.276230,12,draftkings
c8913b70b63ae247f23a4e1dec08c668,Chicago Bears,Pittsburgh Steelers,2025-11-23T18:00:00Z,draftkings,player_reception_yds,Colston Loveland,Rec Yds,26.5,Over,-113,2025-11-23T10:02:34.276230,12,draftkings
c8913b70b63ae247f23a4e1dec08c668,Chicago Bears,Pittsburgh Steelers,2025-11-23T18:00:00Z,draftkings,player_reception_yds,Colston Loveland,Rec Yds,26.5,Under,-111,2025-11-23T10:02:34.276230,12,draftkings
c8913b70b63ae247f23a4e1dec08c668,Chicago Bears,Pittsburgh Steelers,2025-11-23T18:00:00Z,draftkings,player_reception_yds,Darnell Washington,Rec Yds,22.5,Over,-113,2025-11-23T10:02:34.276230,12,draftkings
c8913b70b63ae247f23a4e1dec08c668,Chicago Bears,Pittsburgh Steelers,2025-11-23T18:00:00Z,draftkings,player_reception_yds,Darnell Washington,Rec Yds,22.5,Under,-111,2025-11-23T10:02:34.276230,12,draftkings
c8913b70b63ae247f23a4e1dec08c668,Chicago Bears,Pittsburgh Steelers,2025-11-23T18:00:00Z,draftkings,player_reception_yds,Jonnu Smith,Rec Yds,17.5,Over,-112,2025-11-23T10:02:34.276230,12,draftkings
c8913b70b63ae247f23a4e1dec08c668,Chicago Bears,Pittsburgh Steelers,2025-11-23T18:00:00Z,draftkings,player_reception_yds,Jonnu Smith,Rec Yds,17.5,Under,-112,2025-11-23T10:02:34.276230,12,draftkings
c8913b70b63ae247f23a4e1dec08c668,Chicago Bears,Pittsburgh Steelers,2025-11-23T18:00:00Z,draftkings,player_reception_yds,Kenneth Gainwell,Rec Yds,17.5,Over,-108,2025-11-23T10:02:34.276230,12,draftkings
c8913b70b63ae247f23a4e1dec08c668,Chicago Bears,Pittsburgh Steelers,2025-11-23T18:00:00Z,draftkings,player_reception_yds,Kenneth Gainwell,Rec Yds,17.5,Under,-116,2025-11-23T10:02:34.276230,12,draftkings
c8913b70b63ae247f23a4e1dec08c668,Chicago Bears,Pittsburgh Steelers,2025-11-23T18:00:00Z,draftkings,player_reception_yds,Pat Freiermuth,Rec Yds,17.5,Over,-108,2025-11-23T10:02:34.276230,12,draftkings
c8913b70b63ae247f23a4e1dec08c668,Chicago Bears,Pittsburgh Steelers,2025-11-23T18:00:00Z,draftkings,player_reception_yds,Pat Freiermuth,Rec Yds,17.5,Under,-116,2025-11-23T10:02:34.276230,12,draftkings
c8913b70b63ae247f23a4e1dec08c668,Chicago Bears,Pittsburgh Steelers,2025-11-23T18:00:00Z,draftkings,player_reception_yds,Calvin Austin III,Rec Yds,15.5,Over,-111,2025-11-23T10:02:34.276230,12,draftkings
c8913b70b63ae247f23a4e1dec08c668,Chicago Bears,Pittsburgh Steelers,2025-11-23T18:00:00Z,draftkings,player_reception_yds,Calvin Austin III,Rec Yds,15.5,Under,-113,2025-11-23T10:02:34.276230,12,draftkings
c8913b70b63ae247f23a4e1dec08c668,Chicago Bears,Pittsburgh Steelers,2025-11-23T18:00:00Z,draftkings,player_reception_yds,Cole Kmet,Rec Yds,14.5,Over,-115,2025-11-23T10:02:34.276230,12,draftkings
c8913b70b63ae247f23a4e1dec08c668,Chicago Bears,Pittsburgh Steelers,2025-11-23T18:00:00Z,draftkings,player_reception_yds,Cole Kmet,Rec Yds,14.5,Under,-109,2025-11-23T10:02:34.276230,12,draftkings
c8913b70b63ae247f23a4e1dec08c668,Chicago Bears,Pittsburgh Steelers,2025-11-23T18:00:00Z,draftkings,player_reception_yds,Jaylen Warren,Rec Yds,14.5,Over,-112,2025-11-23T10:02:34.276230,12,draftkings
c8913b70b63ae247f23a4e1dec08c668,Chicago Bears,Pittsburgh Steelers,2025-11-23T18:00:00Z,draftkings,player_reception_yds,Jaylen Warren,Rec Yds,14.5,Under,-112,2025-11-23T10:02:34.276230,12,draftkings
c8913b70b63ae247f23a4e1dec08c668,Chicago Bears,Pittsburgh Steelers,2025-11-23T18:00:00Z,draftkings,player_reception_yds,D'Andre Swift,Rec Yds,12.5,Over,-108,2025-11-23T10:02:34.276230,12,draftkings
c8913b70b63ae247f23a4e1dec08c668,Chicago Bears,Pittsburgh Steelers,2025-11-23T18:00:00Z,draftkings,player_reception_yds,D'Andre Swift,Rec Yds,12.5,Under,-117,2025-11-23T10:02:34.276230,12,draftkings
c8913b70b63ae247f23a4e1dec08c668,Chicago Bears,Pittsburgh Steelers,2025-11-23T18:00:00Z,draftkings,player_receptions,Rome Odunze,Receptions,3.5,Over,-160,2025-11-23T10:02:34.276230,12,draftkings
c8913b70b63ae247f23a4e1dec08c668,Chicago Bears,Pittsburgh Steelers,2025-11-23T18:00:00Z,draftkings,player_receptions,Rome Odunze,Receptions,3.5,Under,125,2025-11-23T10:02:34.276230,12,draftkings
c8913b70b63ae247f23a4e1dec08c668,Chicago Bears,Pittsburgh Steelers,2025-11-23T18:00:00Z,draftkings,player_receptions,DK Metcalf,Receptions,3.5,Over,-127,2025-11-23T10:02:34.276230,12,draftkings
c8913b70b63ae247f23a4e1dec08c668,Chicago Bears,Pittsburgh Steelers,2025-11-23T18:00:00Z,draftkings,player_receptions,DK Metcalf,Receptions,3.5,Under,100,2025-11-23T10:02:34.276230,12,draftkings
c8913b70b63ae247f23a4e1dec08c668,Chicago Bears,Pittsburgh Steelers,2025-11-23T18:00:00Z,draftkings,player_receptions,Luther Burden III,Receptions,3.5,Over,108,2025-11-23T10:02:34.276230,12,draftkings
c8913b70b63ae247f23a4e1dec08c668,Chicago Bears,Pittsburgh Steelers,2025-11-23T18:00:00Z,draftkings,player_receptions,Luther Burden III,Receptions,3.5,Under,-138,2025-11-23T10:02:34.276230,12,draftkings
c8913b70b63ae247f23a4e1dec08c668,Chicago Bears,Pittsburgh Steelers,2025-11-23T18:00:00Z,draftkings,player_receptions,DJ Moore,Receptions,2.5,Over,-173,2025-11-23T10:02:34.276230,12,draftkings
c8913b70b63ae247f23a4e1dec08c668,Chicago Bears,Pittsburgh Steelers,2025-11-23T18:00:00Z,draftkings,player_receptions,DJ Moore,Receptions,2.5,Under,135,2025-11-23T10:02:34.276230,12,draftkings
c8913b70b63ae247f23a4e1dec08c668,Chicago Bears,Pittsburgh Steelers,2025-11-23T18:00:00Z,draftkings,player_receptions,Kenneth Gainwell,Receptions,2.5,Over,-143,2025-11-23T10:02:34.276230,12,draftkings
c8913b70b63ae247f23a4e1dec08c668,Chicago Bears,Pittsburgh Steelers,2025-11-23T18:00:00Z,draftkings,player_receptions,Kenneth Gainwell,Receptions,2.5,Under,112,2025-11-23T10:02:34.276230,12,draftkings
c8913b70b63ae247f23a4e1dec08c668,Chicago Bears,Pittsburgh Steelers,2025-11-23T18:00:00Z,draftkings,player_receptions,Colston Loveland,Receptions,2.5,Over,-117,2025-11-23T10:02:34.276230,12,draftkings
c8913b70b63ae247f23a4e1dec08c668,Chicago Bears,Pittsburgh Steelers,2025-11-23T18:00:00Z,draftkings,player_receptions,Colston Loveland,Receptions,2.5,Under,-109,2025-11-23T10:02:34.276230,12,draftkings
c8913b70b63ae247f23a4e1dec08c668,Chicago Bears,Pittsburgh Steelers,2025-11-23T18:00:00Z,draftkings,player_receptions,Darnell Washington,Receptions,2.5,Over,115,2025-11-23T10:02:34.276230,12,draftkings
c8913b70b63ae247f23a4e1dec08c668,Chicago Bears,Pittsburgh Steelers,2025-11-23T18:00:00Z,draftkings,player_receptions,Darnell Washington,Receptions,2.5,Under,-146,2025-11-23T10:02:34.276230,12,draftkings
c8913b70b63ae247f23a4e1dec08c668,Chicago Bears,Pittsburgh Steelers,2025-11-23T18:00:00Z,draftkings,player_receptions,Jaylen Warren,Receptions,2.5,Over,116,2025-11-23T10:02:34.276230,12,draftkings
c8913b70b63ae247f23a4e1dec08c668,Chicago Bears,Pittsburgh Steelers,2025-11-23T18:00:00Z,draftkings,player_receptions,Jaylen Warren,Receptions,2.5,Under,-149,2025-11-23T10:02:34.276230,12,draftkings
c8913b70b63ae247f23a4e1dec08c668,Chicago Bears,Pittsburgh Steelers,2025-11-23T18:00:00Z,draftkings,player_receptions,Jonnu Smith,Receptions,2.5,Over,117,2025-11-23T10:02:34.276230,12,draftkings
c8913b70b63ae247f23a4e1dec08c668,Chicago Bears,Pittsburgh Steelers,2025-11-23T18:00:00Z,draftkings,player_receptions,Jonnu Smith,Receptions,2.5,Under,-150,2025-11-23T10:02:34.276230,12,draftkings
c8913b70b63ae247f23a4e1dec08c668,Chicago Bears,Pittsburgh Steelers,2025-11-23T18:00:00Z,draftkings,player_receptions,D'Andre Swift,Receptions,1.5,Over,-192,2025-11-23T10:02:34.276230,12,draftkings
c8913b70b63ae247f23a4e1dec08c668,Chicago Bears,Pittsburgh Steelers,2025-11-23T18:00:00Z,draftkings,player_receptions,D'Andre Swift,Receptions,1.5,Under,150,2025-11-23T10:02:34.276230,12,draftkings
c8913b70b63ae247f23a4e1dec08c668,Chicago Bears,Pittsburgh Steelers,2025-11-23T18:00:00Z,draftkings,player_receptions,Cole Kmet,Receptions,1.5,Over,-157,2025-11-23T10:02:34.276230,12,draftkings
c8913b70b63ae247f23a4e1dec08c668,Chicago Bears,Pittsburgh Steelers,2025-11-23T18:00:00Z,draftkings,player_receptions,Cole Kmet,Receptions,1.5,Under,123,2025-11-23T10:02:34.276230,12,draftkings
c8913b70b63ae247f23a4e1dec08c668,Chicago Bears,Pittsburgh Steelers,2025-11-23T18:00:00Z,draftkings,player_receptions,Pat Freiermuth,Receptions,1.5,Over,-144,2025-11-23T10:02:34.276230,12,draftkings
c8913b70b63ae247f23a4e1dec08c668,Chicago Bears,Pittsburgh Steelers,2025-11-23T18:00:00Z,draftkings,player_receptions,Pat Freiermuth,Receptions,1.5,Under,113,2025-11-23T10:02:34.276230,12,draftkings
c8913b70b63ae247f23a4e1dec08c668,Chicago Bears,Pittsburgh Steelers,2025-11-23T18:00:00Z,draftkings,player_receptions,Calvin Austin III,Receptions,1.5,Over,-105,2025-11-23T10:02:34.276230,12,draftkings
c8913b70b63ae247f23a4e1dec08c668,Chicago Bears,Pittsburgh Steelers,2025-11-23T18:00:00Z,draftkings,player_receptions,Calvin Austin III,Receptions,1.5,Under,-121,2025-11-23T10:02:34.276230,12,draftkings
c8913b70b63ae247f23a4e1dec08c668,Chicago Bears,Pittsburgh Steelers,2025-11-23T18:00:00Z,draftkings,player_rush_yds,D'Andre Swift,Rush Yds,61.5,Over,-109,2025-11-23T10:02:34.276230,12,draftkings
c8913b70b63ae247f23a4e1dec08c668,Chicago Bears,Pittsburgh Steelers,2025-11-23T18:00:00Z,draftkings,player_rush_yds,D'Andre Swift,Rush Yds,61.5,Under,-115,2025-11-23T10:02:34.276230,12,draftkings
c8913b70b63ae247f23a4e1dec08c668,Chicago Bears,Pittsburgh Steelers,2025-11-23T18:00:00Z,draftkings,player_rush_yds,Jaylen Warren,Rush Yds,60.5,Over,-114,2025-11-23T10:02:34.276230,12,draftkings
c8913b70b63ae247f23a4e1dec08c668,Chicago Bears,Pittsburgh Steelers,2025-11-23T18:00:00Z,draftkings,player_rush_yds,Jaylen Warren,Rush Yds,60.5,Under,-110,2025-11-23T10:02:34.276230,12,draftkings
c8913b70b63ae247f23a4e1dec08c668,Chicago Bears,Pittsburgh Steelers,2025-11-23T18:00:00Z,draftkings,player_rush_yds,Kyle Monangai,Rush Yds,34.5,Over,-112,2025-11-23T10:02:34.276230,12,draftkings
c8913b70b63ae247f23a4e1dec08c668,Chicago Bears,Pittsburgh Steelers,2025-11-23T18:00:00Z,draftkings,player_rush_yds,Kyle Monangai,Rush Yds,34.5,Under,-112,2025-11-23T10:02:34.276230,12,draftkings
c8913b70b63ae247f23a4e1dec08c668,Chicago Bears,Pittsburgh Steelers,2025-11-23T18:00:00Z,draftkings,player_rush_yds,Caleb Williams,Rush Yds,22.5,Over,-115,2025-11-23T10:02:34.276230,12,draftkings
c8913b70b63ae247f23a4e1dec08c668,Chicago Bears,Pittsburgh Steelers,2025-11-23T18:00:00Z,draftkings,player_rush_yds,Caleb Williams,Rush Yds,22.5,Under,-110,2025-11-23T10:02:34.276230,12,draftkings
c8913b70b63ae247f23a4e1dec08c668,Chicago Bears,Pittsburgh Steelers,2025-11-23T18:00:00Z,draftkings,player_rush_yds,Kenneth Gainwell,Rush Yds,20.5,Over,-107,2025-11-23T10:02:34.276230,12,draftkings
c8913b70b63ae247f23a4e1dec08c668,Chicago Bears,Pittsburgh Steelers,2025-11-23T18:00:00Z,draftkings,player_rush_yds,Kenneth Gainwell,Rush Yds,20.5,Under,-117,2025-11-23T10:02:34.276230,12,draftkings
1a8f3d70399a5cad83c95196795ed77b,Cincinnati Bengals,New England Patriots,2025-11-23T18:00:00Z,draftkings,player_pass_tds,Drake Maye,Pass TDs,1.5,Over,-181,2025-11-23T10:02:34.276230,12,draftkings
1a8f3d70399a5cad83c95196795ed77b,Cincinnati Bengals,New England Patriots,2025-11-23T18:00:00Z,draftkings,player_pass_tds,Drake Maye,Pass TDs,1.5,Under,141,2025-11-23T10:02:34.276230,12,draftkings
1a8f3d70399a5cad83c95196795ed77b,Cincinnati Bengals,New England Patriots,2025-11-23T18:00:00Z,draftkings,player_pass_tds,Joe Flacco,Pass TDs,1.5,Over,-139,2025-11-23T10:02:34.276230,12,draftkings
1a8f3d70399a5cad83c95196795ed77b,Cincinnati Bengals,New England Patriots,2025-11-23T18:00:00Z,draftkings,player_pass_tds,Joe Flacco,Pass TDs,1.5,Under,109,2025-11-23T10:02:34.276230,12,draftkings
1a8f3d70399a5cad83c95196795ed77b,Cincinnati Bengals,New England Patriots,2025-11-23T18:00:00Z,draftkings,player_pass_yds,Drake Maye,Pass Yds,257.5,Over,-113,2025-11-23T10:02:34.276230,12,draftkings
1a8f3d70399a5cad83c95196795ed77b,Cincinnati Bengals,New England Patriots,2025-11-23T18:00:00Z,draftkings,player_pass_yds,Drake Maye,Pass Yds,257.5,Under,-111,2025-11-23T10:02:34.276230,12,draftkings
1a8f3d70399a5cad83c95196795ed77b,Cincinnati Bengals,New England Patriots,2025-11-23T18:00:00Z,draftkings,player_pass_yds,Joe Flacco,Pass Yds,243.5,Over,-113,2025-11-23T10:02:34.276230,12,draftkings
1a8f3d70399a5cad83c95196795ed77b,Cincinnati Bengals,New England Patriots,2025-11-23T18:00:00Z,draftkings,player_pass_yds,Joe Flacco,Pass Yds,243.5,Under,-111,2025-11-23T10:02:34.276230,12,draftkings
1a8f3d70399a5cad83c95196795ed77b,Cincinnati Bengals,New England Patriots,2025-11-23T18:00:00Z,draftkings,player_reception_yds,Tee Higgins,Rec Yds,69.5,Over,-114,2025-11-23T10:02:34.276230,12,draftkings
1a8f3d70399a5cad83c95196795ed77b,Cincinnati Bengals,New England Patriots,2025-11-23T18:00:00Z,draftkings,player_reception_yds,Tee Higgins,Rec Yds,69.5,Under,-110,2025-11-23T10:02:34.276230,12,draftkings
1a8f3d70399a5cad83c95196795ed77b,Cincinnati Bengals,New England Patriots,2025-11-23T18:00:00Z,draftkings,player_reception_yds,Stefon Diggs,Rec Yds,60.5,Over,-114,2025-11-23T10:02:34.276230,12,draftkings
1a8f3d70399a5cad83c95196795ed77b,Cincinnati Bengals,New England Patriots,2025-11-23T18:00:00Z,draftkings,player_reception_yds,Stefon Diggs,Rec Yds,60.5,Under,-110,2025-11-23T10:02:34.276230,12,draftkings
1a8f3d70399a5cad83c95196795ed77b,Cincinnati Bengals,New England Patriots,2025-11-23T18:00:00Z,draftkings,player_reception_yds,Hunter Henry,Rec Yds,40.5,Over,-110,2025-11-23T10:02:34.276230,12,draftkings
1a8f3d70399a5cad83c95196795ed77b,Cincinnati Bengals,New England Patriots,2025-11-23T18:00:00Z,draftkings,player_reception_yds,Hunter Henry,Rec Yds,40.5,Under,-115,2025-11-23T10:02:34.276230,12,draftkings
1a8f3d70399a5cad83c95196795ed77b,Cincinnati Bengals,New England Patriots,2025-11-23T18:00:00Z,draftkings,player_reception_yds,Andrei Iosivas,Rec Yds,36.5,Over,-114,2025-11-23T10:02:34.276230,12,draftkings
1a8f3d70399a5cad83c95196795ed77b,Cincinnati Bengals,New England Patriots,2025-11-23T18:00:00Z,draftkings,player_reception_yds,Andrei Iosivas,Rec Yds,36.5,Under,-110,2025-11-23T10:02:34.276230,12,draftkings
1a8f3d70399a5cad83c95196795ed77b,Cincinnati Bengals,New England Patriots,2025-11-23T18:00:00Z,draftkings,player_reception_yds,Chase Brown,Rec Yds,31.5,Over,-116,2025-11-23T10:02:34.276230,12,draftkings
1a8f3d70399a5cad83c95196795ed77b,Cincinnati Bengals,New England Patriots,2025-11-23T18:00:00Z,draftkings,player_reception_yds,Chase Brown,Rec Yds,31.5,Under,-108,2025-11-23T10:02:34.276230,12,draftkings
1a8f3d70399a5cad83c95196795ed77b,Cincinnati Bengals,New England Patriots,2025-11-23T18:00:00Z,draftkings,player_reception_yds,Kayshon Boutte,Rec Yds,30.5,Over,-110,2025-11-23T10:02:34.276230,12,draftkings
1a8f3d70399a5cad83c95196795ed77b,Cincinnati Bengals,New England Patriots,2025-11-23T18:00:00Z,draftkings,player_reception_yds,Kayshon Boutte,Rec Yds,30.5,Under,-114,2025-11-23T10:02:34.276230,12,draftkings
1a8f3d70399a5cad83c95196795ed77b,Cincinnati Bengals,New England Patriots,2025-11-23T18:00:00Z,draftkings,player_reception_yds,Mike Gesicki,Rec Yds,28.5,Over,-110,2025-11-23T10:02:34.276230,12,draftkings
1a8f3d70399a5cad83c95196795ed77b,Cincinnati Bengals,New England Patriots,2025-11-23T18:00:00Z,draftkings,player_reception_yds,Mike Gesicki,Rec Yds,28.5,Under,-114,2025-11-23T10:02:34.276230,12,draftkings
1a8f3d70399a5cad83c95196795ed77b,Cincinnati Bengals,New England Patriots,2025-11-23T18:00:00Z,draftkings,player_reception_yds,Noah Fant,Rec Yds,24.5,Over,-109,2025-11-23T10:02:34.276230,12,draftkings
1a8f3d70399a5cad83c95196795ed77b,Cincinnati Bengals,New England Patriots,2025-11-23T18:00:00Z,draftkings,player_reception_yds,Noah Fant,Rec Yds,24.5,Under,-115,2025-11-23T10:02:34.276230,12,draftkings
1a8f3d70399a5cad83c95196795ed77b,Cincinnati Bengals,New England Patriots,2025-11-23T18:00:00Z,draftkings,player_reception_yds,Mack Hollins,Rec Yds,23.5,Over,-112,2025-11-23T10:02:34.276230,12,draftkings
1a8f3d70399a5cad83c95196795ed77b,Cincinnati Bengals,New England Patriots,2025-11-23T18:00:00Z,draftkings,player_reception_yds,Mack Hollins,Rec Yds,23.5,Under,-112,2025-11-23T10:02:34.276230,12,draftkings
1a8f3d70399a5cad83c95196795ed77b,Cincinnati Bengals,New England Patriots,2025-11-23T18:00:00Z,draftkings,player_reception_yds,DeMario Douglas,Rec Yds,20.5,Over,-110,2025-11-23T10:02:34.276230,12,draftkings
1a8f3d70399a5cad83c95196795ed77b,Cincinnati Bengals,New England Patriots,2025-11-23T18:00:00Z,draftkings,player_reception_yds,DeMario Douglas,Rec Yds,20.5,Under,-114,2025-11-23T10:02:34.276230,12,draftkings
1a8f3d70399a5cad83c95196795ed77b,Cincinnati Bengals,New England Patriots,2025-11-23T18:00:00Z,draftkings,player_reception_yds,Mitchell Tinsley,Rec Yds,17.5,Over,-111,2025-11-23T10:02:34.276230,12,draftkings
1a8f3d70399a5cad83c95196795ed77b,Cincinnati Bengals,New England Patriots,2025-11-23T18:00:00Z,draftkings,player_reception_yds,Mitchell Tinsley,Rec Yds,17.5,Under,-113,2025-11-23T10:02:34.276230,12,draftkings
1a8f3d70399a5cad83c95196795ed77b,Cincinnati Bengals,New England Patriots,2025-11-23T18:00:00Z,draftkings,player_reception_yds,TreVeyon Henderson,Rec Yds,15.5,Over,-108,2025-11-23T10:02:34.276230,12,draftkings
1a8f3d70399a5cad83c95196795ed77b,Cincinnati Bengals,New England Patriots,2025-11-23T18:00:00Z,draftkings,player_reception_yds,TreVeyon Henderson,Rec Yds,15.5,Under,-116,2025-11-23T10:02:34.276230,12,draftkings
1a8f3d70399a5cad83c95196795ed77b,Cincinnati Bengals,New England Patriots,2025-11-23T18:00:00Z,draftkings,player_reception_yds,Austin Hooper,Rec Yds,9.5,Over,-107,2025-11-23T10:02:34.276230,12,draftkings
1a8f3d70399a5cad83c95196795ed77b,Cincinnati Bengals,New England Patriots,2025-11-23T18:00:00Z,draftkings,player_reception_yds,Austin Hooper,Rec Yds,9.5,Under,-117,2025-11-23T10:02:34.276230,12,draftkings
1a8f3d70399a5cad83c95196795ed77b,Cincinnati Bengals,New England Patriots,2025-11-23T18:00:00Z,draftkings,player_reception_yds,Rhamondre Stevenson,Rec Yds,9.5,Over,-106,2025-11-23T10:02:34.276230,12,draftkings
1a8f3d70399a5cad83c95196795ed77b,Cincinnati Bengals,New England Patriots,2025-11-23T18:00:00Z,draftkings,player_reception_yds,Rhamondre Stevenson,Rec Yds,9.5,Under,-118,2025-11-23T10:02:34.276230,12,draftkings
1a8f3d70399a5cad83c95196795ed77b,Cincinnati Bengals,New England Patriots,2025-11-23T18:00:00Z,draftkings,player_receptions,Tee Higgins,Receptions,5.5,Over,-112,2025-11-23T10:02:34.276230,12,draftkings
1a8f3d70399a5cad83c95196795ed77b,Cincinnati Bengals,New England Patriots,2025-11-23T18:00:00Z,draftkings,player_receptions,Tee Higgins,Receptions,5.5,Under,-114,2025-11-23T10:02:34.276230,12,draftkings
1a8f3d70399a5cad83c95196795ed77b,Cincinnati Bengals,New England Patriots,2025-11-23T18:00:00Z,draftkings,player_receptions,Stefon Diggs,Receptions,5.5,Over,111,2025-11-23T10:02:34.276230,12,draftkings
1a8f3d70399a5cad83c95196795ed77b,Cincinnati Bengals,New England Patriots,2025-11-23T18:00:00Z,draftkings,player_receptions,Stefon Diggs,Receptions,5.5,Under,-142,2025-11-23T10:02:34.276230,12,draftkings
1a8f3d70399a5cad83c95196795ed77b,Cincinnati Bengals,New England Patriots,2025-11-23T18:00:00Z,draftkings,player_receptions,Chase Brown,Receptions,5.5,Over,121,2025-11-23T10:02:34.276230,12,draftkings
1a8f3d70399a5cad83c95196795ed77b,Cincinnati Bengals,New England Patriots,2025-11-23T18:00:00Z,draftkings,player_receptions,Chase Brown,Receptions,5.5,Under,-154,2025-11-23T10:02:34.276230,12,draftkings
1a8f3d70399a5cad83c95196795ed77b,Cincinnati Bengals,New England Patriots,2025-11-23T18:00:00Z,draftkings,player_receptions,Hunter Henry,Receptions,3.5,Over,101,2025-11-23T10:02:34.276230,12,draftkings
1a8f3d70399a5cad83c95196795ed77b,Cincinnati Bengals,New England Patriots,2025-11-23T18:00:00Z,draftkings,player_receptions,Hunter Henry,Receptions,3.5,Under,-129,2025-11-23T10:02:34.276230,12,draftkings
1a8f3d70399a5cad83c95196795ed77b,Cincinnati Bengals,New England Patriots,2025-11-23T18:00:00Z,draftkings,player_receptions,Andrei Iosivas,Receptions,3.5,Over,103,2025-11-23T10:02:34.276230,12,draftkings
1a8f3d70399a5cad83c95196795ed77b,Cincinnati Bengals,New England Patriots,2025-11-23T18:00:00Z,draftkings,player_receptions,Andrei Iosivas,Receptions,3.5,Under,-131,2025-11-23T10:02:34.276230,12,draftkings
1a8f3d70399a5cad83c95196795ed77b,Cincinnati Bengals,New England Patriots,2025-11-23T18:00:00Z,draftkings,player_receptions,Mike Gesicki,Receptions,3.5,Over,122,2025-11-23T10:02:34.276230,12,draftkings
1a8f3d70399a5cad83c95196795ed77b,Cincinnati Bengals,New England Patriots,2025-11-23T18:00:00Z,draftkings,player_receptions,Mike Gesicki,Receptions,3.5,Under,-156,2025-11-23T10:02:34.276230,12,draftkings
1a8f3d70399a5cad83c95196795ed77b,Cincinnati Bengals,New England Patriots,2025-11-23T18:00:00Z,draftkings,player_receptions,Noah Fant,Receptions,2.5,Over,-151,2025-11-23T10:02:34.276230,12,draftkings
1a8f3d70399a5cad83c95196795ed77b,Cincinnati Bengals,New England Patriots,2025-11-23T18:00:00Z,draftkings,player_receptions,Noah Fant,Receptions,2.5,Under,118,2025-11-23T10:02:34.276230,12,draftkings
1a8f3d70399a5cad83c95196795ed77b,Cincinnati Bengals,New England Patriots,2025-11-23T18:00:00Z,draftkings,player_receptions,TreVeyon Henderson,Receptions,2.5,Over,100,2025-11-23T10:02:34.276230,12,draftkings
1a8f3d70399a5cad83c95196795ed77b,Cincinnati Bengals,New England Patriots,2025-11-23T18:00:00Z,draftkings,player_receptions,TreVeyon Henderson,Receptions,2.5,Under,-128,2025-11-23T10:02:34.276230,12,draftkings
1a8f3d70399a5cad83c95196795ed77b,Cincinnati Bengals,New England Patriots,2025-11-23T18:00:00Z,draftkings,player_receptions,Kayshon Boutte,Receptions,2.5,Over,113,2025-11-23T10:02:34.276230,12,draftkings
1a8f3d70399a5cad83c95196795ed77b,Cincinnati Bengals,New England Patriots,2025-11-23T18:00:00Z,draftkings,player_receptions,Kayshon Boutte,Receptions,2.5,Under,-145,2025-11-23T10:02:34.276230,12,draftkings
1a8f3d70399a5cad83c95196795ed77b,Cincinnati Bengals,New England Patriots,2025-11-23T18:00:00Z,draftkings,player_receptions,Mack Hollins,Receptions,2.5,Over,140,2025-11-23T10:02:34.276230,12,draftkings
1a8f3d70399a5cad83c95196795ed77b,Cincinnati Bengals,New England Patriots,2025-11-23T18:00:00Z,draftkings,player_receptions,Mack Hollins,Receptions,2.5,Under,-179,2025-11-23T10:02:34.276230,12,draftkings
1a8f3d70399a5cad83c95196795ed77b,Cincinnati Bengals,New England Patriots,2025-11-23T18:00:00Z,draftkings,player_receptions,DeMario Douglas,Receptions,1.5,Over,-145,2025-11-23T10:02:34.276230,12,draftkings
1a8f3d70399a5cad83c95196795ed77b,Cincinnati Bengals,New England Patriots,2025-11-23T18:00:00Z,draftkings,player_receptions,DeMario Douglas,Receptions,1.5,Under,113,2025-11-23T10:02:34.276230,12,draftkings
1a8f3d70399a5cad83c95196795ed77b,Cincinnati Bengals,New England Patriots,2025-11-23T18:00:00Z,draftkings,player_receptions,Rhamondre Stevenson,Receptions,1.5,Over,-104,2025-11-23T10:02:34.276230,12,draftkings
1a8f3d70399a5cad83c95196795ed77b,Cincinnati Bengals,New England Patriots,2025-11-23T18:00:00Z,draftkings,player_receptions,Rhamondre Stevenson,Receptions,1.5,Under,-123,2025-11-23T10:02:34.276230,12,draftkings
1a8f3d70399a5cad83c95196795ed77b,Cincinnati Bengals,New England Patriots,2025-11-23T18:00:00Z,draftkings,player_receptions,Mitchell Tinsley,Receptions,1.5,Over,102,2025-11-23T10:02:34.276230,12,draftkings
1a8f3d70399a5cad83c95196795ed77b,Cincinnati Bengals,New England Patriots,2025-11-23T18:00:00Z,draftkings,player_receptions,Mitchell Tinsley,Receptions,1.5,Under,-130,2025-11-23T10:02:34.276230,12,draftkings
1a8f3d70399a5cad83c95196795ed77b,Cincinnati Bengals,New England Patriots,2025-11-23T18:00:00Z,draftkings,player_rush_yds,TreVeyon Henderson,Rush Yds,55.5,Over,-110,2025-11-23T10:02:34.276230,12,draftkings
1a8f3d70399a5cad83c95196795ed77b,Cincinnati Bengals,New England Patriots,2025-11-23T18:00:00Z,draftkings,player_rush_yds,TreVeyon Henderson,Rush Yds,55.5,Under,-114,2025-11-23T10:02:34.276230,12,draftkings
1a8f3d70399a5cad83c95196795ed77b,Cincinnati Bengals,New England Patriots,2025-11-23T18:00:00Z,draftkings,player_rush_yds,Chase Brown,Rush Yds,53.5,Over,-112,2025-11-23T10:02:34.276230,12,draftkings
1a8f3d70399a5cad83c95196795ed77b,Cincinnati Bengals,New England Patriots,2025-11-23T18:00:00Z,draftkings,player_rush_yds,Chase Brown,Rush Yds,53.5,Under,-112,2025-11-23T10:02:34.276230,12,draftkings
1a8f3d70399a5cad83c95196795ed77b,Cincinnati Bengals,New England Patriots,2025-11-23T18:00:00Z,draftkings,player_rush_yds,Rhamondre Stevenson,Rush Yds,36.5,Over,-113,2025-11-23T10:02:34.276230,12,draftkings
1a8f3d70399a5cad83c95196795ed77b,Cincinnati Bengals,New England Patriots,2025-11-23T18:00:00Z,draftkings,player_rush_yds,Rhamondre Stevenson,Rush Yds,36.5,Under,-111,2025-11-23T10:02:34.276230,12,draftkings
1a8f3d70399a5cad83c95196795ed77b,Cincinnati Bengals,New England Patriots,2025-11-23T18:00:00Z,draftkings,player_rush_yds,Drake Maye,Rush Yds,26.5,Over,-115,2025-11-23T10:02:34.276230,12,draftkings
1a8f3d70399a5cad83c95196795ed77b,Cincinnati Bengals,New England Patriots,2025-11-23T18:00:00Z,draftkings,player_rush_yds,Drake Maye,Rush Yds,26.5,Under,-109,2025-11-23T10:02:34.276230,12,draftkings
535bbe97d4e56494b039ade88459c338,Detroit Lions,New York Giants,2025-11-23T18:00:00Z,draftkings,player_pass_tds,Jared Goff,Pass TDs,2.5,Over,153,2025-11-23T10:02:34.276230,12,draftkings
535bbe97d4e56494b039ade88459c338,Detroit Lions,New York Giants,2025-11-23T18:00:00Z,draftkings,player_pass_tds,Jared Goff,Pass TDs,2.5,Under,-197,2025-11-23T10:02:34.276230,12,draftkings
535bbe97d4e56494b039ade88459c338,Detroit Lions,New York Giants,2025-11-23T18:00:00Z,draftkings,player_pass_tds,Jameis Winston,Pass TDs,1.5,Over,148,2025-11-23T10:02:34.276230,12,draftkings
535bbe97d4e56494b039ade88459c338,Detroit Lions,New York Giants,2025-11-23T18:00:00Z,draftkings,player_pass_tds,Jameis Winston,Pass TDs,1.5,Under,-190,2025-11-23T10:02:34.276230,12,draftkings
535bbe97d4e56494b039ade88459c338,Detroit Lions,New York Giants,2025-11-23T18:00:00Z,draftkings,player_pass_yds,Jared Goff,Pass Yds,254.5,Over,-113,2025-11-23T10:02:34.276230,12,draftkings
535bbe97d4e56494b039ade88459c338,Detroit Lions,New York Giants,2025-11-23T18:00:00Z,draftkings,player_pass_yds,Jared Goff,Pass Yds,254.5,Under,-111,2025-11-23T10:02:34.276230,12,draftkings
535bbe97d4e56494b039ade88459c338,Detroit Lions,New York Giants,2025-11-23T18:00:00Z,draftkings,player_pass_yds,Jameis Winston,Pass Yds,226.5,Over,-113,2025-11-23T10:02:34.276230,12,draftkings
535bbe97d4e56494b039ade88459c338,Detroit Lions,New York Giants,2025-11-23T18:00:00Z,draftkings,player_pass_yds,Jameis Winston,Pass Yds,226.5,Under,-111,2025-11-23T10:02:34.276230,12,draftkings
535bbe97d4e56494b039ade88459c338,Detroit Lions,New York Giants,2025-11-23T18:00:00Z,draftkings,player_reception_yds,Amon-Ra St. Brown,Rec Yds,79.5,Over,-111,2025-11-23T10:02:34.276230,12,draftkings
535bbe97d4e56494b039ade88459c338,Detroit Lions,New York Giants,2025-11-23T18:00:00Z,draftkings,player_reception_yds,Amon-Ra St. Brown,Rec Yds,79.5,Under,-113,2025-11-23T10:02:34.276230,12,draftkings
535bbe97d4e56494b039ade88459c338,Detroit Lions,New York Giants,2025-11-23T18:00:00Z,draftkings,player_reception_yds,Jameson Williams,Rec Yds,61.5,Over,-110,2025-11-23T10:02:34.276230,12,draftkings
535bbe97d4e56494b039ade88459c338,Detroit Lions,New York Giants,2025-11-23T18:00:00Z,draftkings,player_reception_yds,Jameson Williams,Rec Yds,61.5,Under,-114,2025-11-23T10:02:34.276230,12,draftkings
535bbe97d4e56494b039ade88459c338,Detroit Lions,New York Giants,2025-11-23T18:00:00Z,draftkings,player_reception_yds,Wan'Dale Robinson,Rec Yds,54.5,Over,-112,2025-11-23T10:02:34.276230,12,draftkings
535bbe97d4e56494b039ade88459c338,Detroit Lions,New York Giants,2025-11-23T18:00:00Z,draftkings,player_reception_yds,Wan'Dale Robinson,Rec Yds,54.5,Under,-112,2025-11-23T10:02:34.276230,12,draftkings
535bbe97d4e56494b039ade88459c338,Detroit Lions,New York Giants,2025-11-23T18:00:00Z,draftkings,player_reception_yds,Darius Slayton,Rec Yds,38.5,Over,-110,2025-11-23T10:02:34.276230,12,draftkings
535bbe97d4e56494b039ade88459c338,Detroit Lions,New York Giants,2025-11-23T18:00:00Z,draftkings,player_reception_yds,Darius Slayton,Rec Yds,38.5,Under,-114,2025-11-23T10:02:34.276230,12,draftkings
535bbe97d4e56494b039ade88459c338,Detroit Lions,New York Giants,2025-11-23T18:00:00Z,draftkings,player_reception_yds,Theo Johnson,Rec Yds,36.5,Over,-109,2025-11-23T10:02:34.276230,12,draftkings
535bbe97d4e56494b039ade88459c338,Detroit Lions,New York Giants,2025-11-23T18:00:00Z,draftkings,player_reception_yds,Theo Johnson,Rec Yds,36.5,Under,-115,2025-11-23T10:02:34.276230,12,draftkings
535bbe97d4e56494b039ade88459c338,Detroit Lions,New York Giants,2025-11-23T18:00:00Z,draftkings,player_reception_yds,Jahmyr Gibbs,Rec Yds,30.5,Over,-113,2025-11-23T10:02:34.276230,12,draftkings
535bbe97d4e56494b039ade88459c338,Detroit Lions,New York Giants,2025-11-23T18:00:00Z,draftkings,player_reception_yds,Jahmyr Gibbs,Rec Yds,30.5,Under,-111,2025-11-23T10:02:34.276230,12,draftkings
535bbe97d4e56494b039ade88459c338,Detroit Lions,New York Giants,2025-11-23T18:00:00Z,draftkings,player_reception_yds,Brock Wright,Rec Yds,21.5,Over,-108,2025-11-23T10:02:34.276230,12,draftkings
535bbe97d4e56494b039ade88459c338,Detroit Lions,New York Giants,2025-11-23T18:00:00Z,draftkings,player_reception_yds,Brock Wright,Rec Yds,21.5,Under,-116,2025-11-23T10:02:34.276230,12,draftkings
535bbe97d4e56494b039ade88459c338,Detroit Lions,New York Giants,2025-11-23T18:00:00Z,draftkings,player_reception_yds,Isaiah Hodgins,Rec Yds,19.5,Over,-113,2025-11-23T10:02:34.276230,12,draftkings
535bbe97d4e56494b039ade88459c338,Detroit Lions,New York Giants,2025-11-23T18:00:00Z,draftkings,player_reception_yds,Isaiah Hodgins,Rec Yds,19.5,Under,-111,2025-11-23T10:02:34.276230,12,draftkings
535bbe97d4e56494b039ade88459c338,Detroit Lions,New York Giants,2025-11-23T18:00:00Z,draftkings,player_reception_yds,Tyrone Tracy Jr.,Rec Yds,15.5,Over,-107,2025-11-23T10:02:34.276230,12,draftkings
535bbe97d4e56494b039ade88459c338,Detroit Lions,New York Giants,2025-11-23T18:00:00Z,draftkings,player_reception_yds,Tyrone Tracy Jr.,Rec Yds,15.5,Under,-117,2025-11-23T10:02:34.276230,12,draftkings
535bbe97d4e56494b039ade88459c338,Detroit Lions,New York Giants,2025-11-23T18:00:00Z,draftkings,player_reception_yds,Kalif Raymond,Rec Yds,10.5,Over,-117,2025-11-23T10:02:34.276230,12,draftkings
535bbe97d4e56494b039ade88459c338,Detroit Lions,New York Giants,2025-11-23T18:00:00Z,draftkings,player_reception_yds,Kalif Raymond,Rec Yds,10.5,Under,-107,2025-11-23T10:02:34.276230,12,draftkings
535bbe97d4e56494b039ade88459c338,Detroit Lions,New York Giants,2025-11-23T18:00:00Z,draftkings,player_reception_yds,Isaac TeSlaa,Rec Yds,9.5,Over,-110,2025-11-23T10:02:34.276230,12,draftkings
535bbe97d4e56494b039ade88459c338,Detroit Lions,New York Giants,2025-11-23T18:00:00Z,draftkings,player_reception_yds,Isaac TeSlaa,Rec Yds,9.5,Under,-114,2025-11-23T10:02:34.276230,12,draftkings
535bbe97d4e56494b039ade88459c338,Detroit Lions,New York Giants,2025-11-23T18:00:00Z,draftkings,player_reception_yds,David Montgomery,Rec Yds,9.5,Over,-108,2025-11-23T10:02:34.276230,12,draftkings
535bbe97d4e56494b039ade88459c338,Detroit Lions,New York Giants,2025-11-23T18:00:00Z,draftkings,player_reception_yds,David Montgomery,Rec Yds,9.5,Under,-117,2025-11-23T10:02:34.276230,12,draftkings
535bbe97d4e56494b039ade88459c338,Detroit Lions,New York Giants,2025-11-23T18:00:00Z,draftkings,player_receptions,Amon-Ra St. Brown,Receptions,7.5,Over,117,2025-11-23T10:02:34.276230,12,draftkings
535bbe97d4e56494b039ade88459c338,Detroit Lions,New York Giants,2025-11-23T18:00:00Z,draftkings,player_receptions,Amon-Ra St. Brown,Receptions,7.5,Under,-150,2025-11-23T10:02:34.276230,12,draftkings
535bbe97d4e56494b039ade88459c338,Detroit Lions,New York Giants,2025-11-23T18:00:00Z,draftkings,player_receptions,Wan'Dale Robinson,Receptions,5.5,Over,-102,2025-11-23T10:02:34.276230,12,draftkings
535bbe97d4e56494b039ade88459c338,Detroit Lions,New York Giants,2025-11-23T18:00:00Z,draftkings,player_receptions,Wan'Dale Robinson,Receptions,5.5,Under,-125,2025-11-23T10:02:34.276230,12,draftkings
535bbe97d4e56494b039ade88459c338,Detroit Lions,New York Giants,2025-11-23T18:00:00Z,draftkings,player_receptions,Jameson Williams,Receptions,3.5,Over,-154,2025-11-23T10:02:34.276230,12,draftkings
535bbe97d4e56494b039ade88459c338,Detroit Lions,New York Giants,2025-11-23T18:00:00Z,draftkings,player_receptions,Jameson Williams,Receptions,3.5,Under,121,2025-11-23T10:02:34.276230,12,draftkings
535bbe97d4e56494b039ade88459c338,Detroit Lions,New York Giants,2025-11-23T18:00:00Z,draftkings,player_receptions,Theo Johnson,Receptions,3.5,Over,-148,2025-11-23T10:02:34.276230,12,draftkings
535bbe97d4e56494b039ade88459c338,Detroit Lions,New York Giants,2025-11-23T18:00:00Z,draftkings,player_receptions,Theo Johnson,Receptions,3.5,Under,116,2025-11-23T10:02:34.276230,12,draftkings
535bbe97d4e56494b039ade88459c338,Detroit Lions,New York Giants,2025-11-23T18:00:00Z,draftkings,player_receptions,Jahmyr Gibbs,Receptions,3.5,Over,-113,2025-11-23T10:02:34.276230,12,draftkings
535bbe97d4e56494b039ade88459c338,Detroit Lions,New York Giants,2025-11-23T18:00:00Z,draftkings,player_receptions,Jahmyr Gibbs,Receptions,3.5,Under,-113,2025-11-23T10:02:34.276230,12,draftkings
535bbe97d4e56494b039ade88459c338,Detroit Lions,New York Giants,2025-11-23T18:00:00Z,draftkings,player_receptions,Darius Slayton,Receptions,2.5,Over,-164,2025-11-23T10:02:34.276230,12,draftkings
535bbe97d4e56494b039ade88459c338,Detroit Lions,New York Giants,2025-11-23T18:00:00Z,draftkings,player_receptions,Darius Slayton,Receptions,2.5,Under,128,2025-11-23T10:02:34.276230,12,draftkings
535bbe97d4e56494b039ade88459c338,Detroit Lions,New York Giants,2025-11-23T18:00:00Z,draftkings,player_receptions,Brock Wright,Receptions,2.5,Over,-134,2025-11-23T10:02:34.276230,12,draftkings
535bbe97d4e56494b039ade88459c338,Detroit Lions,New York Giants,2025-11-23T18:00:00Z,draftkings,player_receptions,Brock Wright,Receptions,2.5,Under,105,2025-11-23T10:02:34.276230,12,draftkings
535bbe97d4e56494b039ade88459c338,Detroit Lions,New York Giants,2025-11-23T18:00:00Z,draftkings,player_receptions,Tyrone Tracy Jr.,Receptions,2.5,Over,-107,2025-11-23T10:02:34.276230,12,draftkings
535bbe97d4e56494b039ade88459c338,Detroit Lions,New York Giants,2025-11-23T18:00:00Z,draftkings,player_receptions,Tyrone Tracy Jr.,Receptions,2.5,Under,-119,2025-11-23T10:02:34.276230,12,draftkings
535bbe97d4e56494b039ade88459c338,Detroit Lions,New York Giants,2025-11-23T18:00:00Z,draftkings,player_receptions,Isaiah Hodgins,Receptions,1.5,Over,-190,2025-11-23T10:02:34.276230,12,draftkings
535bbe97d4e56494b039ade88459c338,Detroit Lions,New York Giants,2025-11-23T18:00:00Z,draftkings,player_receptions,Isaiah Hodgins,Receptions,1.5,Under,147,2025-11-23T10:02:34.276230,12,draftkings
535bbe97d4e56494b039ade88459c338,Detroit Lions,New York Giants,2025-11-23T18:00:00Z,draftkings,player_receptions,David Montgomery,Receptions,1.5,Over,111,2025-11-23T10:02:34.276230,12,draftkings
535bbe97d4e56494b039ade88459c338,Detroit Lions,New York Giants,2025-11-23T18:00:00Z,draftkings,player_receptions,David Montgomery,Receptions,1.5,Under,-141,2025-11-23T10:02:34.276230,12,draftkings
535bbe97d4e56494b039ade88459c338,Detroit Lions,New York Giants,2025-11-23T18:00:00Z,draftkings,player_receptions,Kalif Raymond,Receptions,1.5,Over,117,2025-11-23T10:02:34.276230,12,draftkings
535bbe97d4e56494b039ade88459c338,Detroit Lions,New York Giants,2025-11-23T18:00:00Z,draftkings,player_receptions,Kalif Raymond,Receptions,1.5,Under,-149,2025-11-23T10:02:34.276230,12,draftkings
535bbe97d4e56494b039ade88459c338,Detroit Lions,New York Giants,2025-11-23T18:00:00Z,draftkings,player_rush_yds,Jahmyr Gibbs,Rush Yds,74.5,Over,-114,2025-11-23T10:02:34.276230,12,draftkings
535bbe97d4e56494b039ade88459c338,Detroit Lions,New York Giants,2025-11-23T18:00:00Z,draftkings,player_rush_yds,Jahmyr Gibbs,Rush Yds,74.5,Under,-110,2025-11-23T10:02:34.276230,12,draftkings
535bbe97d4e56494b039ade88459c338,Detroit Lions,New York Giants,2025-11-23T18:00:00Z,draftkings,player_rush_yds,David Montgomery,Rush Yds,55.5,Over,-110,2025-11-23T10:02:34.276230,12,draftkings
535bbe97d4e56494b039ade88459c338,Detroit Lions,New York Giants,2025-11-23T18:00:00Z,draftkings,player_rush_yds,David Montgomery,Rush Yds,55.5,Under,-114,2025-11-23T10:02:34.276230,12,draftkings
535bbe97d4e56494b039ade88459c338,Detroit Lions,New York Giants,2025-11-23T18:00:00Z,draftkings,player_rush_yds,Tyrone Tracy Jr.,Rush Yds,45.5,Over,-111,2025-11-23T10:02:34.276230,12,draftkings
535bbe97d4e56494b039ade88459c338,Detroit Lions,New York Giants,2025-11-23T18:00:00Z,draftkings,player_rush_yds,Tyrone Tracy Jr.,Rush Yds,45.5,Under,-113,2025-11-23T10:02:34.276230,12,draftkings
535bbe97d4e56494b039ade88459c338,Detroit Lions,New York Giants,2025-11-23T18:00:00Z,draftkings,player_rush_yds,Devin Singletary,Rush Yds,27.5,Over,-115,2025-11-23T10:02:34.276230,12,draftkings
535bbe97d4e56494b039ade88459c338,Detroit Lions,New York Giants,2025-11-23T18:00:00Z,draftkings,player_rush_yds,Devin Singletary,Rush Yds,27.5,Under,-109,2025-11-23T10:02:34.276230,12,draftkings
535bbe97d4e56494b039ade88459c338,Detroit Lions,New York Giants,2025-11-23T18:00:00Z,draftkings,player_rush_yds,Jameis Winston,Rush Yds,9.5,Over,-111,2025-11-23T10:02:34.276230,12,draftkings
535bbe97d4e56494b039ade88459c338,Detroit Lions,New York Giants,2025-11-23T18:00:00Z,draftkings,player_rush_yds,Jameis Winston,Rush Yds,9.5,Under,-113,2025-11-23T10:02:34.276230,12,draftkings
535bbe97d4e56494b039ade88459c338,Detroit Lions,New York Giants,2025-11-23T18:00:00Z,draftkings,player_rush_yds,Jared Goff,Rush Yds,0.5,Over,136,2025-11-23T10:02:34.276230,12,draftkings
535bbe97d4e56494b039ade88459c338,Detroit Lions,New York Giants,2025-11-23T18:00:00Z,draftkings,player_rush_yds,Jared Goff,Rush Yds,0.5,Under,-172,2025-11-23T10:02:34.276230,12,draftkings
91019a528f43cd28965fdc68a3f3ef85,Green Bay Packers,Minnesota Vikings,2025-11-23T18:00:00Z,draftkings,player_pass_tds,Jordan Love,Pass TDs,1.5,Over,-120,2025-11-23T10:02:34.276230,12,draftkings
91019a528f43cd28965fdc68a3f3ef85,Green Bay Packers,Minnesota Vikings,2025-11-23T18:00:00Z,draftkings,player_pass_tds,Jordan Love,Pass TDs,1.5,Under,-106,2025-11-23T10:02:34.276230,12,draftkings
91019a528f43cd28965fdc68a3f3ef85,Green Bay Packers,Minnesota Vikings,2025-11-23T18:00:00Z,draftkings,player_pass_tds,J.J. McCarthy,Pass TDs,1.5,Over,194,2025-11-23T10:02:34.276230,12,draftkings
91019a528f43cd28965fdc68a3f3ef85,Green Bay Packers,Minnesota Vikings,2025-11-23T18:00:00Z,draftkings,player_pass_tds,J.J. McCarthy,Pass TDs,1.5,Under,-253,2025-11-23T10:02:34.276230,12,draftkings
91019a528f43cd28965fdc68a3f3ef85,Green Bay Packers,Minnesota Vikings,2025-11-23T18:00:00Z,draftkings,player_pass_yds,Jordan Love,Pass Yds,232.5,Over,-111,2025-11-23T10:02:34.276230,12,draftkings
91019a528f43cd28965fdc68a3f3ef85,Green Bay Packers,Minnesota Vikings,2025-11-23T18:00:00Z,draftkings,player_pass_yds,Jordan Love,Pass Yds,232.5,Under,-113,2025-11-23T10:02:34.276230,12,draftkings
91019a528f43cd28965fdc68a3f3ef85,Green Bay Packers,Minnesota Vikings,2025-11-23T18:00:00Z,draftkings,player_pass_yds,J.J. McCarthy,Pass Yds,188.5,Over,-111,2025-11-23T10:02:34.276230,12,draftkings
91019a528f43cd28965fdc68a3f3ef85,Green Bay Packers,Minnesota Vikings,2025-11-23T18:00:00Z,draftkings,player_pass_yds,J.J. McCarthy,Pass Yds,188.5,Under,-113,2025-11-23T10:02:34.276230,12,draftkings
91019a528f43cd28965fdc68a3f3ef85,Green Bay Packers,Minnesota Vikings,2025-11-23T18:00:00Z,draftkings,player_reception_yds,Justin Jefferson,Rec Yds,66.5,Over,-111,2025-11-23T10:02:34.276230,12,draftkings
91019a528f43cd28965fdc68a3f3ef85,Green Bay Packers,Minnesota Vikings,2025-11-23T18:00:00Z,draftkings,player_reception_yds,Justin Jefferson,Rec Yds,66.5,Under,-113,2025-11-23T10:02:34.276230,12,draftkings
91019a528f43cd28965fdc68a3f3ef85,Green Bay Packers,Minnesota Vikings,2025-11-23T18:00:00Z,draftkings,player_reception_yds,Romeo Doubs,Rec Yds,50.5,Over,-115,2025-11-23T10:02:34.276230,12,draftkings
91019a528f43cd28965fdc68a3f3ef85,Green Bay Packers,Minnesota Vikings,2025-11-23T18:00:00Z,draftkings,player_reception_yds,Romeo Doubs,Rec Yds,50.5,Under,-109,2025-11-23T10:02:34.276230,12,draftkings
91019a528f43cd28965fdc68a3f3ef85,Green Bay Packers,Minnesota Vikings,2025-11-23T18:00:00Z,draftkings,player_reception_yds,Christian Watson,Rec Yds,49.5,Over,-110,2025-11-23T10:02:34.276230,12,draftkings
91019a528f43cd28965fdc68a3f3ef85,Green Bay Packers,Minnesota Vikings,2025-11-23T18:00:00Z,draftkings,player_reception_yds,Christian Watson,Rec Yds,49.5,Under,-114,2025-11-23T10:02:34.276230,12,draftkings
91019a528f43cd28965fdc68a3f3ef85,Green Bay Packers,Minnesota Vikings,2025-11-23T18:00:00Z,draftkings,player_reception_yds,Jordan Addison,Rec Yds,40.5,Over,-113,2025-11-23T10:02:34.276230,12,draftkings
91019a528f43cd28965fdc68a3f3ef85,Green Bay Packers,Minnesota Vikings,2025-11-23T18:00:00Z,draftkings,player_reception_yds,Jordan Addison,Rec Yds,40.5,Under,-111,2025-11-23T10:02:34.276230,12,draftkings
91019a528f43cd28965fdc68a3f3ef85,Green Bay Packers,Minnesota Vikings,2025-11-23T18:00:00Z,draftkings,player_reception_yds,Dontayvion Wicks,Rec Yds,29.5,Over,-115,2025-11-23T10:02:34.276230,12,draftkings
91019a528f43cd28965fdc68a3f3ef85,Green Bay Packers,Minnesota Vikings,2025-11-23T18:00:00Z,draftkings,player_reception_yds,Dontayvion Wicks,Rec Yds,29.5,Under,-109,2025-11-23T10:02:34.276230,12,draftkings
91019a528f43cd28965fdc68a3f3ef85,Green Bay Packers,Minnesota Vikings,2025-11-23T18:00:00Z,draftkings,player_reception_yds,T.J. Hockenson,Rec Yds,24.5,Over,-116,2025-11-23T10:02:34.276230,12,draftkings
91019a528f43cd28965fdc68a3f3ef85,Green Bay Packers,Minnesota Vikings,2025-11-23T18:00:00Z,draftkings,player_reception_yds,T.J. Hockenson,Rec Yds,24.5,Under,-108,2025-11-23T10:02:34.276230,12,draftkings
91019a528f43cd28965fdc68a3f3ef85,Green Bay Packers,Minnesota Vikings,2025-11-23T18:00:00Z,draftkings,player_reception_yds,Jalen Nailor,Rec Yds,19.5,Over,-112,2025-11-23T10:02:34.276230,12,draftkings
91019a528f43cd28965fdc68a3f3ef85,Green Bay Packers,Minnesota Vikings,2025-11-23T18:00:00Z,draftkings,player_reception_yds,Jalen Nailor,Rec Yds,19.5,Under,-112,2025-11-23T10:02:34.276230,12,draftkings
91019a528f43cd28965fdc68a3f3ef85,Green Bay Packers,Minnesota Vikings,2025-11-23T18:00:00Z,draftkings,player_reception_yds,Luke Musgrave,Rec Yds,18.5,Over,-116,2025-11-23T10:02:34.276230,12,draftkings
91019a528f43cd28965fdc68a3f3ef85,Green Bay Packers,Minnesota Vikings,2025-11-23T18:00:00Z,draftkings,player_reception_yds,Luke Musgrave,Rec Yds,18.5,Under,-108,2025-11-23T10:02:34.276230,12,draftkings
91019a528f43cd28965fdc68a3f3ef85,Green Bay Packers,Minnesota Vikings,2025-11-23T18:00:00Z,draftkings,player_reception_yds,Aaron Jones,Rec Yds,16.5,Over,-113,2025-11-23T10:02:34.276230,12,draftkings
91019a528f43cd28965fdc68a3f3ef85,Green Bay Packers,Minnesota Vikings,2025-11-23T18:00:00Z,draftkings,player_reception_yds,Aaron Jones,Rec Yds,16.5,Under,-111,2025-11-23T10:02:34.276230,12,draftkings
91019a528f43cd28965fdc68a3f3ef85,Green Bay Packers,Minnesota Vikings,2025-11-23T18:00:00Z,draftkings,player_receptions,Justin Jefferson,Receptions,5.5,Over,104,2025-11-23T10:02:34.276230,12,draftkings
91019a528f43cd28965fdc68a3f3ef85,Green Bay Packers,Minnesota Vikings,2025-11-23T18:00:00Z,draftkings,player_receptions,Justin Jefferson,Receptions,5.5,Under,-132,2025-11-23T10:02:34.276230,12,draftkings
91019a528f43cd28965fdc68a3f3ef85,Green Bay Packers,Minnesota Vikings,2025-11-23T18:00:00Z,draftkings,player_receptions,Romeo Doubs,Receptions,4.5,Over,122,2025-11-23T10:02:34.276230,12,draftkings
91019a528f43cd28965fdc68a3f3ef85,Green Bay Packers,Minnesota Vikings,2025-11-23T18:00:00Z,draftkings,player_receptions,Romeo Doubs,Receptions,4.5,Under,-155,2025-11-23T10:02:34.276230,12,draftkings
91019a528f43cd28965fdc68a3f3ef85,Green Bay Packers,Minnesota Vikings,2025-11-23T18:00:00Z,draftkings,player_receptions,Jordan Addison,Receptions,3.5,Over,115,2025-11-23T10:02:34.276230,12,draftkings
91019a528f43cd28965fdc68a3f3ef85,Green Bay Packers,Minnesota Vikings,2025-11-23T18:00:00Z,draftkings,player_receptions,Jordan Addison,Receptions,3.5,Under,-147,2025-11-23T10:02:34.276230,12,draftkings
91019a528f43cd28965fdc68a3f3ef85,Green Bay Packers,Minnesota Vikings,2025-11-23T18:00:00Z,draftkings,player_receptions,Christian Watson,Receptions,3.5,Over,131,2025-11-23T10:02:34.276230,12,draftkings
91019a528f43cd28965fdc68a3f3ef85,Green Bay Packers,Minnesota Vikings,2025-11-23T18:00:00Z,draftkings,player_receptions,Christian Watson,Receptions,3.5,Under,-168,2025-11-23T10:02:34.276230,12,draftkings
91019a528f43cd28965fdc68a3f3ef85,Green Bay Packers,Minnesota Vikings,2025-11-23T18:00:00Z,draftkings,player_receptions,T.J. Hockenson,Receptions,2.5,Over,-165,2025-11-23T10:02:34.276230,12,draftkings
91019a528f43cd28965fdc68a3f3ef85,Green Bay Packers,Minnesota Vikings,2025-11-23T18:00:00Z,draftkings,player_receptions,T.J. Hockenson,Receptions,2.5,Under,129,2025-11-23T10:02:34.276230,12,draftkings
91019a528f43cd28965fdc68a3f3ef85,Green Bay Packers,Minnesota Vikings,2025-11-23T18:00:00Z,draftkings,player_receptions,Dontayvion Wicks,Receptions,2.5,Over,-126,2025-11-23T10:02:34.276230,12,draftkings
91019a528f43cd28965fdc68a3f3ef85,Green Bay Packers,Minnesota Vikings,2025-11-23T18:00:00Z,draftkings,player_receptions,Dontayvion Wicks,Receptions,2.5,Under,-101,2025-11-23T10:02:34.276230,12,draftkings
91019a528f43cd28965fdc68a3f3ef85,Green Bay Packers,Minnesota Vikings,2025-11-23T18:00:00Z,draftkings,player_receptions,Aaron Jones,Receptions,2.5,Over,-123,2025-11-23T10:02:34.276230,12,draftkings
91019a528f43cd28965fdc68a3f3ef85,Green Bay Packers,Minnesota Vikings,2025-11-23T18:00:00Z,draftkings,player_receptions,Aaron Jones,Receptions,2.5,Under,-103,2025-11-23T10:02:34.276230,12,draftkings
91019a528f43cd28965fdc68a3f3ef85,Green Bay Packers,Minnesota Vikings,2025-11-23T18:00:00Z,draftkings,player_receptions,Luke Musgrave,Receptions,2.5,Over,134,2025-11-23T10:02:34.276230,12,draftkings
91019a528f43cd28965fdc68a3f3ef85,Green Bay Packers,Minnesota Vikings,2025-11-23T18:00:00Z,draftkings,player_receptions,Luke Musgrave,Receptions,2.5,Under,-172,2025-11-23T10:02:34.276230,12,draftkings
91019a528f43cd28965fdc68a3f3ef85,Green Bay Packers,Minnesota Vikings,2025-11-23T18:00:00Z,draftkings,player_receptions,Jalen Nailor,Receptions,1.5,Over,-134,2025-11-23T10:02:34.276230,12,draftkings
91019a528f43cd28965fdc68a3f3ef85,Green Bay Packers,Minnesota Vikings,2025-11-23T18:00:00Z,draftkings,player_receptions,Jalen Nailor,Receptions,1.5,Under,105,2025-11-23T10:02:34.276230,12,draftkings
91019a528f43cd28965fdc68a3f3ef85,Green Bay Packers,Minnesota Vikings,2025-11-23T18:00:00Z,draftkings,player_rush_yds,Emanuel Wilson,Rush Yds,68.5,Over,-111,2025-11-23T10:02:34.276230,12,draftkings
91019a528f43cd28965fdc68a3f3ef85,Green Bay Packers,Minnesota Vikings,2025-11-23T18:00:00Z,draftkings,player_rush_yds,Emanuel Wilson,Rush Yds,68.5,Under,-114,2025-11-23T10:02:34.276230,12,draftkings
91019a528f43cd28965fdc68a3f3ef85,Green Bay Packers,Minnesota Vikings,2025-11-23T18:00:00Z,draftkings,player_rush_yds,Aaron Jones,Rush Yds,53.5,Over,-108,2025-11-23T10:02:34.276230,12,draftkings
91019a528f43cd28965fdc68a3f3ef85,Green Bay Packers,Minnesota Vikings,2025-11-23T18:00:00Z,draftkings,player_rush_yds,Aaron Jones,Rush Yds,53.5,Under,-116,2025-11-23T10:02:34.276230,12,draftkings
91019a528f43cd28965fdc68a3f3ef85,Green Bay Packers,Minnesota Vikings,2025-11-23T18:00:00Z,draftkings,player_rush_yds,Jordan Mason,Rush Yds,24.5,Over,-110,2025-11-23T10:02:34.276230,12,draftkings
91019a528f43cd28965fdc68a3f3ef85,Green Bay Packers,Minnesota Vikings,2025-11-23T18:00:00Z,draftkings,player_rush_yds,Jordan Mason,Rush Yds,24.5,Under,-114,2025-11-23T10:02:34.276230,12,draftkings
91019a528f43cd28965fdc68a3f3ef85,Green Bay Packers,Minnesota Vikings,2025-11-23T18:00:00Z,draftkings,player_rush_yds,J.J. McCarthy,Rush Yds,18.5,Over,-111,2025-11-23T10:02:34.276230,12,draftkings
91019a528f43cd28965fdc68a3f3ef85,Green Bay Packers,Minnesota Vikings,2025-11-23T18:00:00Z,draftkings,player_rush_yds,J.J. McCarthy,Rush Yds,18.5,Under,-113,2025-11-23T10:02:34.276230,12,draftkings
91019a528f43cd28965fdc68a3f3ef85,Green Bay Packers,Minnesota Vikings,2025-11-23T18:00:00Z,draftkings,player_rush_yds,Jordan Love,Rush Yds,12.5,Over,-110,2025-11-23T10:02:34.276230,12,draftkings
91019a528f43cd28965fdc68a3f3ef85,Green Bay Packers,Minnesota Vikings,2025-11-23T18:00:00Z,draftkings,player_rush_yds,Jordan Love,Rush Yds,12.5,Under,-114,2025-11-23T10:02:34.276230,12,draftkings
