Player,Position,Team
Josh Allen,QB,BUF
Lamar Jackson,QB,BAL
Patrick Mahomes,QB,KC
Jalen Hurts,QB,PHI
Drake Maye,QB,NE
Dak Prescott,QB,DAL
Baker Mayfield,QB,TB
Justin Herbert,QB,LAC
Jonathan Taylor,RB,IND
Jayden Daniels,QB,WAS
Daniel Jones,QB,IND
Bo Nix,QB,DEN
Matthew Stafford,QB,LAR
Jordan Love,QB,GB
Jaxson Dart,QB,NYG
Brock Purdy,QB,SF
Bijan Robinson,RB,ATL
Caleb Williams,QB,CHI
Jared Goff,QB,DET
Sam Darnold,QB,SEA
Trevor Lawrence,QB,JAX
Joe Flacco,QB,CIN
Michael Penix Jr.,QB,ATL
Kyler Murray,QB,ARZ
Aaron Rodgers,QB,PIT
C.J. Stroud,QB,HOU
J.J. McCarthy,QB,MIN
Jahmyr Gibbs,RB,DET
Christian McCaffrey,RB,SF
Derrick Henry,RB,BAL
Justin Fields,QB,NYJ
Josh Jacobs,RB,GB
James Cook III,RB,BUF
Bryce Young,QB,CAR
Spencer Rattler,QB,NO
De'Von Achane,RB,MIA
Cam Ward,QB,TEN
Javonte Williams,RB,DAL
Tua Tagovailoa,QB,MIA
Saquon Barkley,RB,PHI
Kyren Williams,RB,LAR
Ashton Jeanty,RB,LV
Bucky Irving,RB,TB
Geno Smith,QB,LV
Cam Skattebo,RB,NYG
Puka Nacua,WR,LAR
Quinshon Judkins,RB,CLE
Jaxon Smith-Njigba,WR,SEA
Breece Hall,RB,NYJ
J.K. Dobbins,RB,DEN
Jacory Croskey-Merritt,RB,WAS
Chase Brown,RB,CIN
Ja'Marr Chase,WR,CIN
D'Andre Swift,RB,CHI
CeeDee Lamb,WR,DAL
Justin Jefferson,WR,MIN
Amon-Ra St. Brown,WR,DET
Rashee Rice,WR,KC
Drake London,WR,ATL
Emeka Egbuka,WR,TB
Kenneth Walker III,RB,SEA
Davante Adams,WR,LAR
Omarion Hampton,RB,LAC
Nico Collins,WR,HOU
DK Metcalf,WR,PIT
Travis Etienne Jr.,RB,JAX
Chuba Hubbard,RB,CAR
Rome Odunze,WR,CHI
Garrett Wilson,WR,NYJ
David Montgomery,RB,DET
Rico Dowdle,RB,CAR
Zach Charbonnet,RB,SEA
A.J. Brown,WR,PHI
George Pickens,WR,DAL
Alvin Kamara,RB,NO
Jaylen Warren,RB,PIT
Jordan Mason,RB,MIN
Ladd McConkey,WR,LAC
Isiah Pacheco,RB,KC
Zay Flowers,WR,BAL
Courtland Sutton,WR,DEN
Dillon Gabriel,QB,CLE
Brian Thomas Jr.,WR,JAX
Tetairoa McMillan,WR,CAR
Stefon Diggs,WR,NE
Jaylen Waddle,WR,MIA
Tony Pollard,RB,TEN
Tucker Kraft,TE,GB
Xavier Worthy,WR,KC
Trey McBride,TE,ARZ
Tyler Warren,TE,IND
Tee Higgins,WR,CIN
Quentin Johnston,WR,LAC
Jameson Williams,WR,DET
Ricky Pearsall,WR,SF
Trey Benson,RB,ARZ
Michael Pittman Jr.,WR,IND
Rachaad White,RB,TB
Keenan Allen,WR,LAC
Jordan Addison,WR,MIN
Terry McLaurin,WR,WAS
Chris Olave,WR,NO
DeVonta Smith,WR,PHI
Deebo Samuel,WR,WAS
George Kittle,TE,SF
Romeo Doubs,WR,GB
Aaron Jones Sr.,RB,MIN
Marvin Harrison Jr.,WR,ARZ
Brock Bowers,TE,LV
Kyle Monangai,RB,CHI
Kimani Vidal,RB,LAC
Travis Hunter,WR,JAX
Rhamondre Stevenson,RB,NE
Woody Marks,RB,HOU
Jauan Jennings,WR,SF
DJ Moore,WR,CHI
Wan'Dale Robinson,WR,NYG
Sam LaPorta,TE,DET
Keon Coleman,WR,BUF
Dalton Kincaid,TE,BUF
Matthew Golden,WR,GB
Kayshon Boutte,WR,NE
Travis Kelce,TE,KC
Tyler Allgeier,RB,ATL
Hunter Henry,TE,NE
Khalil Shakir,WR,BUF
RJ Harvey,RB,DEN
Oronde Gadsden,TE,LAC
Rashid Shaheed,WR,NO
Kyle Pitts Sr.,TE,ATL
Jake Ferguson,TE,DAL
Dallas Goedert,TE,PHI
Jerry Jeudy,WR,CLE
Mac Jones,QB,SF
Jakobi Meyers,WR,LV
Alec Pierce,WR,IND
Darnell Mooney,WR,ATL
TreVeyon Henderson,RB,NE
Zach Ertz,TE,WAS
Harold Fannin Jr.,TE,CLE
Bhayshul Tuten,RB,JAX
Mark Andrews,TE,BAL
Nick Chubb,RB,HOU
Brian Robinson Jr.,RB,SF
T.J. Hockenson,TE,MIN
Tez Johnson,WR,TB
Mason Taylor,TE,NYJ
David Njoku,TE,CLE
Calvin Ridley,WR,TEN
Josh Downs,WR,IND
Elic Ayomanor,WR,TEN
Tyjae Spears,RB,TEN
Tre Tucker,WR,LV
Brandon Aiyuk,WR,SF
Troy Franklin,WR,DEN
Luther Burden III,WR,CHI
Jalen Coker,WR,CAR
Colston Loveland,TE,CHI
Blake Corum,RB,LAR
Chris Godwin Jr.,WR,TB
Cooper Kupp,WR,SEA
Rashod Bateman,WR,BAL
Bam Knight,RB,ARZ
Isaiah Likely,TE,BAL
Cade Otton,TE,TB
Malik Washington,WR,MIA
Theo Johnson,TE,NYG
Marvin Mims Jr.,WR,DEN
Darius Slayton,WR,NYG
Kendrick Bourne,WR,SF
Brashard Smith,RB,KC
Evan Engram,TE,DEN
Taysom Hill,TE,NO
DeAndre Hopkins,WR,BAL
Kenneth Gainwell,RB,PIT
Sterling Shepard,WR,TB
Juwan Johnson,TE,NO
Christian Kirk,WR,HOU
Isaac TeSlaa,WR,DET
Jayden Higgins,WR,HOU
Dalton Schultz,TE,HOU
AJ Barner,TE,SEA
Jayden Reed,WR,GB
Hollywood Brown,WR,KC
Kareem Hunt,RB,KC
Dyami Brown,WR,JAX
Isaiah Davis,RB,NYJ
Michael Wilson,WR,ARZ
Michael Carter,RB,ARZ
Ray Davis,RB,BUF
Joshua Palmer,WR,BUF
Tyrone Tracy Jr.,RB,NYG
KaVontae Turpin,WR,DAL
Xavier Legette,WR,CAR
Jonnu Smith,TE,PIT
Pat Freiermuth,TE,PIT
Ollie Gordon II,RB,MIA
Kaleb Johnson,RB,PIT
Tory Horton,WR,SEA
Noah Fant,TE,CIN
Hassan Haskins,RB,LAC
Chris Rodriguez Jr.,RB,WAS
Darren Waller,TE,MIA
Isaiah Bond,WR,CLE
Jaylin Noel,WR,HOU
Jaydon Blue,RB,DAL
Mike Evans,WR,TB
Dontayvion Wicks,WR,GB
Devin Neal,RB,NO
Parker Washington,WR,JAX
DeMario Douglas,WR,NE
Elijah Arroyo,TE,SEA
Luke McCaffrey,WR,WAS
Chig Okonkwo,TE,TEN
Jaylin Lane,WR,WAS
Jordan Whittington,WR,LAR
Jack Bech,WR,LV
Tyler Higbee,TE,LAR
Andrei Iosivas,WR,CIN
Calvin Austin III,WR,PIT
Ja'Tavion Sanders,TE,CAR
Michael Mayer,TE,LV
Christian Watson,WR,GB
Chimere Dike,WR,TEN
Jerome Ford,RB,CLE
Jeremy McNichols,RB,WAS
Adonai Mitchell,WR,IND
Gunnar Helm,TE,TEN
Darnell Washington,TE,PIT
Tutu Atwell,WR,LAR
Tre' Harris,WR,LAC
Xavier Hutchinson,WR,HOU
Will Shipley,RB,PHI
Tyquan Thornton,WR,KC
Braelon Allen,RB,NYJ
Sean Tucker,RB,TB
Nick Westbrook-Ikhine,WR,MIA
Hunter Long,TE,JAX
Jalen Nailor,WR,MIN
Dont'e Thornton Jr.,WR,LV
Mack Hollins,WR,NE
Dylan Sampson,RB,CLE
Jalen Tolbert,WR,DAL
Pat Bryant,WR,DEN
Terrance Ferguson,TE,LAR
Austin Hooper,TE,NE
Kyle Williams,WR,NE
Emari Demercado,RB,ARZ
Keaton Mitchell,RB,BAL
Olamide Zaccheaus,WR,CHI
JuJu Smith-Schuster,WR,KC
Joe Mixon,RB,HOU
Noah Brown,WR,WAS
DJ Giddens,RB,IND
Tommy Tremble,TE,CAR
Brandin Cooks,WR,NO
Jahan Dotson,WR,PHI
Cole Kmet,TE,CHI
Chris Brooks,RB,GB
Adam Thielen,WR,MIN
Roman Wilson,WR,PIT
LeQuint Allen Jr.,RB,JAX
KeAndre Lambert-Smith,WR,LAC
Jake Tonges,TE,SF
Devaughn Vele,WR,NO
Tank Bigsby,RB,PHI
Noah Gray,TE,KC
Josh Reynolds,WR,NYJ
Zay Jones,WR,ARZ
Mike Gesicki,TE,CIN
Demarcus Robinson,WR,SF
Marcus Mariota,QB,WAS
Tyler Lockett,WR,FA
Emanuel Wilson,RB,GB
Dawson Knox,TE,BUF
Tyrod Taylor,QB,NYJ
Tim Patrick,WR,JAX
Savion Williams,WR,GB
Ray-Ray McCloud III,WR,NYG
Colby Parkinson,TE,LAR
Jacoby Brissett,QB,ARZ
Ty Johnson,RB,BUF
Curtis Samuel,WR,BUF
Devin Singletary,RB,NYG
Josh Oliver,TE,MIN
Hunter Renfrow,WR,CAR
Tyler Conklin,TE,LAC
Ben Sinnott,TE,WAS
Ryan Flournoy,WR,DAL
Arian Smith,WR,NYJ
Raheem Mostert,RB,LV
Justice Hill,RB,BAL
Joe Burrow,QB,CIN
Mason Tipton,WR,NO
Trent Sherfield Sr.,WR,DEN
Isaac Guerendo,RB,SF
Lil'Jordan Humphrey,WR,NYG
Trevor Etienne,RB,CAR
Dameon Pierce,RB,HOU
Cade Stover,TE,HOU
Jared Wiley,TE,KC
Adam Trautman,TE,DEN
Beaux Collins,WR,NYG
Gage Larvadain,WR,CLE
A.J. Dillon,RB,PHI
Samaje Perine,RB,CIN
Jimmy Horn Jr.,WR,CAR
Drew Sample,TE,CIN
Mitchell Evans,TE,CAR
Tyler Badie,RB,DEN
Jonathan Mingo,WR,DAL
Elijah Higgins,TE,ARZ
Roschon Johnson,RB,CHI
Will Dissly,TE,LAC
Luke Musgrave,TE,GB
Dareke Young,WR,SEA
Luke Schoonmaker,TE,DAL
Tay Martin,WR,FA
Kenny Pickett,QB,LV
Ashton Dulin,WR,IND
Ian Thomas,TE,LV
Xavier Smith,WR,LAR
Justin Shorter,WR,LV
Kirk Cousins,QB,ATL
Tahj Brooks,RB,CIN
David Sills V,WR,ATL
Andy Dalton,QB,CAR
Blake Whiteheart,TE,CLE
Harrison Bryant,TE,HOU
MarShawn Lloyd,RB,GB
Elijah Mitchell,RB,KC
Skyy Moore,WR,SF
Jamari Thrash,WR,CLE
Devontez Walker,WR,BAL
Ryan Miller,WR,TB
Ben Skowronek,WR,PIT
John FitzPatrick,TE,GB
Julius Chestnut,RB,TEN
Jaylen Wright,RB,MIA
Chris Moore,WR,WAS
Zamir White,RB,LV
Erick All Jr.,TE,CIN
Charlie Jones,WR,CIN
Brevyn Spann-Ford,TE,DAL
Ameer Abdullah,RB,IND
Jalin Hyatt,WR,NYG
Carson Wentz,QB,MIN
Dylan Laube,RB,LV
KhaDarel Hodge,WR,ATL
Patrick Ricard,FB,BAL
Eric Saubert,TE,FA
Kyle Juszczyk,FB,SF
Dare Ogunbowale,RB,HOU
Brock Wright,TE,DET
Daniel Bellinger,TE,NYG
Craig Reynolds,RB,DET
Andrew Beck,FB,NYJ
Kalif Raymond,WR,DET
Zaire Mitchell-Paden,TE,FA
Charlie Woerner,TE,ATL
Jeff Wilson Jr.,RB,MIA
Marquez Valdes-Scantling,WR,FA
Will Mallory,TE,IND
Cam Akers,RB,MIN
Nathan Carter,RB,ATL
George Holani,RB,SEA
Travis Homer,RB,CHI
Reggie Gilliam,FB,BUF
Irv Smith Jr.,TE,FA
Jacob Saylors,RB,DET
Rasheen Ali,RB,BAL
Casey Washington,WR,ATL
John Metchie III,WR,PHI
Jackson Hawes,TE,BUF
Tucker Fisk,TE,LAC
James Mitchell,TE,CAR
British Brooks,RB,HOU
Jared Wayne,WR,HOU
Grant Calcaterra,TE,PHI
Teagan Quitoriano,TE,ATL
Hunter Luepke,RB,DAL
Alex Bachman,WR,LV
Durham Smythe,TE,CHI
Tylan Wallace,WR,BAL
Nate Adkins,TE,DEN
Tyrell Shavers,WR,BUF
Mitch Tinsley,WR,CIN
Mo Alie-Cox,TE,IND
Jimmy Garoppolo,QB,LAR
Jason Brownlee,WR,KC
Van Jefferson,WR,TEN
Johnny Mundt,TE,JAX
Tanner Conner,TE,MIA
Drew Ogletree,TE,IND
Zach Wilson,QB,MIA
Malik Heath,WR,GB
Dee Eskridge,WR,MIA
Braxton Berrios,WR,HOU
Chris Manhertz,TE,NYG
Julian Hill,TE,MIA
Luke Farrell,TE,SF
Tyler Shough,QB,NO
Russell Wilson,QB,NYG
Charlie Kolar,TE,BAL
Jack Stoll,TE,NO
Jamal Agnew,WR,ATL
Connor Heyward,TE,PIT
Lucas Krull,TE,DEN
Shedeur Sanders,QB,CLE
Trey Lance,QB,LAC
Zavier Scott,RB,MIN
Payne Durham,TE,TB
Malik Willis,QB,GB
Cooper Rush,QB,BAL
Velus Jones Jr.,RB,NO
Nikko Remigio,WR,KC
Brycen Tremayne,WR,CAR
Gardner Minshew,QB,KC
Kyle Allen,QB,DET
Mitchell Trubisky,QB,BUF
Jake Browning,QB,CIN
Foster Moreau,TE,NO
Mason Rudolph,QB,PIT
Tyson Bagent,QB,CHI
Quinn Ewers,QB,MIA
Alec Ingold,FB,MIA
David Martin-Robinson,TE,TEN
Joshua Dobbs,QB,NE
Allen Lazard,WR,NYJ
Nick Mullens,QB,JAX
Davis Mills,QB,HOU
Anthony Richardson Sr.,QB,IND
Kedon Slovis,QB,ARZ
Riley Leonard,QB,IND
Greg Dortch,WR,ARZ
Tanner McKee,QB,PHI
Kameron Johnson,WR,TB
Jake Bobo,WR,SEA
Tyler Johnson,WR,NYJ
Jeremy Ruckert,TE,NYJ
Ben Sims,TE,GB
Anthony Gould,WR,IND
Kylen Granson,TE,PHI
Feleipe Franks,TE,ATL
Teddy Bridgewater,QB,TB
Brandon Allen,QB,TEN
Davis Allen,TE,LAR
Joe Milton III,QB,DAL
Jarrett Stidham,QB,DEN
Drew Lock,QB,SEA
Adrian Martinez,QB,SF
Max Brosmer,QB,MIN
James Cook,RB,BUF
Deebo Samuel Sr.,WR,WAS
Kyle Pitts Sr.,TE,ATL
Chigoziem Okonkwo,TE,TEN
Cameron Ward,QB,TEN
Marquise Brown,WR,KC
Aaron Jones,RB,MIN
Cedrick Wilson Jr.,WR,DAL
Greg Dulcich,TE,DEN
Kyle Pitts,TE,ATL
Oronde Gadsden II,TE,LAC
Tre Harris,WR,LAC
