BASIC,BASIC,BASIC,BASIC,BASIC,USAGE,USAGE,BASE,BASE,BASE,BASE,BASE,BASE,BASE,BASE,BASE,BASE,BASE,BASE,BASE,BASE,BASE,RED ZONE,RED ZONE,ANALYTICS,ANALYTICS,ANALYTICS,ANALYTICS,FANTASY,FANTASY
Rk,Player,Tm,Pos,G,SNP,SNP%,TAR,REC,YDS,TD,YPT,YPR,CTCH%,YAC,YAC/R,FD,LG,100+,TAR/G,REC/G,YDS/G,EZTAR,EZTD,EPA,EPA/TAR,DYAR,DVOA,FPTS,PPG
,Jameson  Williams,DET,WR,1,57,93.443,10,7,144,1,14.4,20.571,70,87,12.429,6,44,1,10,7,144,0,0,7.099,0.71,0,0,26.9,26.9
,A.J.  Brown,PHI,WR,1,47,92.157,12,10,132,2,11,13.2,83.333,23,2.3,7,33,1,12,10,132,1,1,6.577,0.548,0,0,35.2,35.2
,CeeDee  Lamb,DAL,WR,1,51,78.462,9,7,112,1,12.444,16,77.778,35,5,4,51,1,9,7,112,2,1,8.845,0.983,0,0,24.2,24.2
,Ja'Marr  Chase,CIN,WR,1,79,97.531,14,7,110,0,7.857,15.714,50,9,1.286,5,43,1,14,7,110,1,0,7.258,0.518,0,0,18,18
,Zach  Ertz,WAS,TE,1,56,63.636,13,10,106,0,8.154,10.6,76.923,35,3.5,6,21,1,13,10,106,1,0,3.562,0.274,0,0,20.6,20.6
,Adonai  Mitchell,NYJ,WR,1,54,78.261,12,8,102,1,8.5,12.75,66.667,1,0.125,4,52,1,12,8,102,3,1,4.766,0.397,0,0,24.2,24.2
,Nico  Collins,HST,WR,1,52,73.239,10,5,98,0,9.8,19.6,50,41,8.2,5,29,0,10,5,98,2,0,6.231,0.623,0,0,21.5,21.5
,Terry  McLaurin,WAS,WR,1,42,47.727,14,7,96,1,6.857,13.714,50,8,1.143,6,20,0,14,7,96,4,1,5.87,0.419,0,0,22.6,22.6
,Isaiah  Likely,BLT,TE,1,29,48.333,6,5,95,0,15.833,19,83.333,42,8.4,2,43,0,6,5,95,0,0,-0.629,-0.105,0,0,14.5,14.5
,Dontayvion  Wicks,GB,WR,1,30,48.387,7,6,94,2,13.429,15.667,85.714,12,2,5,30,0,7,6,94,2,2,11.41,1.63,0,0,28,28
,Devaughn  Vele,NO,WR,1,60,83.333,8,8,93,1,11.625,11.625,100,6,0.75,6,15,0,8,8,93,1,1,9.399,1.175,0,0,23.3,23.3
,Rashee  Rice,KC,WR,1,54,85.714,12,8,92,2,7.667,11.5,66.667,69,8.625,5,28,0,12,8,92,2,1,3.576,0.298,0,0,29.4,29.4
,Jakobi  Meyers,JAX,WR,1,52,88.136,6,6,90,1,15,15,100,45,7.5,4,50,0,6,6,90,1,1,8.147,1.358,0,0,21.3,21.3
,George  Pickens,DAL,WR,1,47,72.308,13,6,88,0,6.769,14.667,46.154,49,8.167,3,39,0,13,6,88,0,0,-2.442,-0.188,0,0,14.8,14.8
,Xavier  Smith,LA,WR,1,20,39.216,3,3,82,0,27.333,27.333,100,32,10.667,2,51,0,3,3,82,0,0,5.375,1.792,0,0,11.2,11.2
,Kyle  Pitts,ATL,TE,1,61,91.045,8,7,82,0,10.25,11.714,87.5,60,8.571,5,24,0,8,7,82,0,0,7.514,0.939,0,0,15.2,15.2
,Trey  McBride,ARZ,TE,1,53,82.813,9,8,82,1,9.111,10.25,88.889,26,3.25,3,20,0,9,8,82,1,1,6.175,0.686,0,0,22.2,22.2
,Christian  Watson,GB,WR,1,43,69.355,10,4,80,1,8,20,40,7,1.75,4,51,0,10,4,80,1,0,3.421,0.342,0,0,18.3,18.3
,Evan  Engram,DEN,TE,1,37,52.113,9,6,79,0,8.778,13.167,66.667,61,10.167,3,41,0,9,6,79,1,0,1.792,0.199,0,0,13.9,13.9
,Alec  Pierce,IND,WR,1,49,96.078,5,4,78,1,15.6,19.5,80,7,1.75,4,22,0,5,4,78,1,1,6.527,1.305,0,0,17.8,17.8
,Chris  Godwin Jr.,TB,WR,1,36,60,5,3,78,0,15.6,26,60,45,15,3,31,0,5,3,78,1,0,4.736,0.947,0,0,10.8,10.8
,Jalen  Coker,CAR,WR,1,34,53.125,6,4,74,1,12.333,18.5,66.667,25,6.25,4,33,0,6,4,74,1,0,7.563,1.261,0,0,17.4,17.4
,Puka  Nacua,LA,WR,1,38,74.51,9,6,72,0,8,12,66.667,42,7,4,31,0,9,6,72,1,0,-2.725,-0.303,0,0,13.2,13.2
,Marvin  Harrison Jr.,ARZ,WR,1,36,56.25,7,6,69,0,9.857,11.5,85.714,11,1.833,4,21,0,7,6,69,1,0,3.558,0.508,0,0,12.9,12.9
,George  Kittle,SF,TE,1,55,84.615,5,4,67,0,13.4,16.75,80,7,1.75,3,33,0,5,4,67,0,0,2.44,0.488,0,0,10.7,10.7
,Jayden  Higgins,HST,WR,1,42,59.155,5,5,65,0,13,13,100,18,3.6,4,19,0,5,5,65,0,0,5.916,1.183,0,0,11.5,11.5
,Deebo  Samuel Sr.,WAS,WR,1,57,64.773,7,5,64,0,9.143,12.8,71.429,21,4.2,3,38,0,7,5,64,0,0,3.371,0.482,0,0,11.1,11.1
,Brock  Bowers,LV,TE,1,44,95.652,4,4,63,2,15.75,15.75,100,16,4,4,27,0,4,4,63,2,2,8.205,2.051,0,0,22.3,22.3
,Courtland  Sutton,DEN,WR,1,56,78.873,6,5,62,1,10.333,12.4,83.333,9,1.8,3,31,0,6,5,62,1,1,6.399,1.067,0,0,17.2,17.2
,Xavier  Worthy,KC,WR,1,53,84.127,6,4,61,0,10.167,15.25,66.667,24,6,1,42,0,6,4,61,0,0,3.015,0.503,0,0,11.4,11.4
,T.J.  Hockenson,MIN,TE,1,39,78,6,6,59,0,9.833,9.833,100,32,5.333,3,29,0,6,6,59,0,0,3.39,0.565,0,0,11.9,11.9
,Davante  Adams,LA,WR,1,38,74.51,5,4,58,2,11.6,14.5,80,14,3.5,4,32,0,5,4,58,2,2,7.109,1.422,0,0,21.8,21.8
,Dalton  Schultz,HST,TE,1,53,74.648,8,7,55,0,6.875,7.857,87.5,22,3.143,2,14,0,8,7,55,0,0,1.253,0.157,0,0,12.5,12.5
,Bijan  Robinson,ATL,RB,1,58,86.567,7,5,51,0,7.286,10.2,71.429,68,13.6,1,42,0,7,5,51,0,0,0.687,0.098,0,0,30.3,30.3
,DeVonta  Smith,PHI,WR,1,46,90.196,8,5,48,0,6,9.6,62.5,19,3.8,2,30,0,8,5,48,0,0,2.618,0.327,0,0,9.8,9.8
,Mark  Andrews,BLT,TE,1,39,65,6,4,47,0,7.833,11.75,66.667,17,4.25,2,19,0,6,4,47,0,0,-3.031,-0.505,0,0,8.7,8.7
,Darren  Waller,MIA,TE,1,26,42.623,3,2,47,0,15.667,23.5,66.667,19,9.5,1,34,0,3,2,47,1,0,1.995,0.665,0,0,6.7,6.7
,Chris  Olave,NO,WR,1,60,83.333,7,4,47,1,6.714,11.75,57.143,3,0.75,3,17,0,7,4,47,2,1,-1.754,-0.251,0,0,14.7,14.7
,Michael  Carter,ARZ,RB,1,28,43.75,6,5,47,0,7.833,9.4,83.333,47,9.4,2,15,0,6,5,47,0,0,2.114,0.352,0,0,11.4,11.4
,Adam  Trautman,DEN,TE,1,40,56.338,4,3,47,0,11.75,15.667,75,28,9.333,3,22,0,4,3,47,0,0,4.994,1.249,0,0,7.7,7.7
,Travis  Kelce,KC,TE,1,56,88.889,6,5,45,1,7.5,9,83.333,21,4.2,2,22,0,6,5,45,1,1,5.487,0.915,0,0,15.5,15.5
,Brenton  Strange,JAX,TE,1,43,72.881,4,3,45,1,11.25,15,75,12,4,3,21,0,4,3,45,1,1,2.064,0.516,0,0,13.5,13.5
,Darnell  Washington,PIT,TE,1,34,79.07,4,2,45,0,11.25,22.5,50,25,12.5,1,26,0,4,2,45,0,0,-1.059,-0.265,0,0,6.5,6.5
,Derrick  Henry,BLT,RB,1,22,36.667,1,1,44,0,44,44,100,42,42,1,44,0,1,1,44,0,0,2.873,2.873,0,0,17.4,17.4
,Josh  Downs,IND,WR,1,28,54.902,6,2,44,0,7.333,22,33.333,5,2.5,2,34,0,6,2,44,0,0,0.251,0.042,0,0,6.4,6.4
,Tetairoa  McMillan,CAR,WR,1,46,71.875,2,1,43,1,21.5,43,50,20,20,1,43,0,2,1,43,0,0,5.709,2.855,0,0,11.3,11.3
,Harold  Fannin Jr.,CLV,TE,1,55,90.164,5,3,43,1,8.6,14.333,60,19,6.333,1,34,0,5,3,43,0,0,1.602,0.32,0,0,13.3,13.3
,Emeka  Egbuka,TB,WR,1,49,81.667,8,4,42,0,5.25,10.5,50,18,4.5,1,23,0,8,4,42,0,0,-1.994,-0.249,0,0,8.2,8.2
,Pat  Bryant,DEN,WR,1,46,64.789,7,3,42,0,6,14,42.857,18,6,2,21,0,7,3,42,0,0,-2.151,-0.307,0,0,7.2,7.2
,Chuba  Hubbard,CAR,RB,1,36,56.25,2,2,41,1,20.5,20.5,100,46,23,1,35,0,2,2,41,0,0,4.313,2.157,0,0,20.4,20.4
,Jaylen  Waddle,MIA,WR,1,53,86.885,6,3,40,0,6.667,13.333,50,11,3.667,3,22,0,6,3,40,1,0,-2.33,-0.388,0,0,7,7
,Jauan  Jennings,SF,WR,1,52,80,6,4,39,1,6.5,9.75,66.667,2,0.5,4,13,0,6,4,39,1,1,6.421,1.07,0,0,13.9,13.9
,Xavier  Hutchinson,HST,WR,1,39,54.93,5,2,39,0,7.8,19.5,40,16,8,2,24,0,5,2,39,1,0,0.017,0.003,0,0,5.9,5.9
,Juwan  Johnson,NO,TE,1,49,68.056,9,5,39,0,4.333,7.8,55.556,19,3.8,2,11,0,9,5,39,0,0,-1.78,-0.198,0,0,8.9,8.9
,Ladd  McConkey,LAC,WR,1,51,71.831,6,4,39,1,6.5,9.75,66.667,5,1.25,2,15,0,6,4,39,1,1,-1.923,-0.32,0,0,13.9,13.9
,Tom  Kennedy,DET,WR,1,40,65.574,4,4,36,0,9,9,100,4,1,2,23,0,4,4,36,0,0,4.502,1.126,0,0,7.6,7.6
,Jake  Ferguson,DAL,TE,1,47,72.308,6,5,36,0,6,7.2,83.333,30,6,2,11,0,6,5,36,1,0,4.572,0.762,0,0,8.6,8.6
,Cole  Kmet,CHI,TE,1,57,65.517,3,3,36,1,12,12,100,10,3.333,1,28,0,3,3,36,1,1,3.771,1.257,0,0,12.6,12.6
,Jonathan  Taylor,IND,RB,1,50,98.039,5,3,36,0,7.2,12,60,40,13.333,1,33,0,5,3,36,0,0,-0.193,-0.039,0,0,15.1,15.1
,Michael  Wilson,ARZ,WR,1,56,87.5,7,3,36,0,5.143,12,42.857,9,3,3,16,0,7,3,36,1,0,-8.396,-1.199,0,0,6.6,6.6
,Bam  Knight,ARZ,RB,1,31,48.438,3,3,36,1,12,12,100,24,8,2,15,0,3,3,36,1,1,4.07,1.357,0,0,18.8,18.8
,Jordan  Addison,MIN,WR,1,45,90,10,5,36,0,3.6,7.2,50,6,1.2,2,11,0,10,5,36,0,0,-2.11,-0.211,0,0,8.6,8.6
,Isaac  TeSlaa,DET,WR,1,55,90.164,2,2,35,1,17.5,17.5,100,1,0.5,2,18,0,2,2,35,1,1,3.235,1.618,0,0,11.5,11.5
,Chase  Brown,CIN,RB,1,47,58.025,7,7,35,0,5,5,100,46,6.571,1,9,0,7,7,35,0,0,-0.16,-0.023,0,0,18.3,18.3
,Tyler  Allgeier,ATL,RB,1,16,23.881,2,2,35,0,17.5,17.5,100,39,19.5,1,31,0,2,2,35,0,0,1.711,0.855,0,0,13.5,13.5
,AJ  Barner,SEA,TE,1,53,85.484,5,4,35,0,7,8.75,80,30,7.5,2,13,0,5,4,35,0,0,4.526,0.905,0,0,7.7,7.7
,Ryan  Flournoy,DAL,WR,1,24,36.923,3,3,34,0,11.333,11.333,100,13,4.333,2,17,0,3,3,34,0,0,1.668,0.556,0,0,6.4,6.4
,Luther  Burden III,CHI,WR,1,41,47.126,6,4,33,0,5.5,8.25,66.667,24,6,1,11,0,6,4,33,0,0,-1.728,-0.288,0,0,7.6,7.6
,James  Cook,BUF,RB,1,45,57.692,3,3,33,0,11,11,100,37,12.333,2,16,0,3,3,33,0,0,3.081,1.027,0,0,20.7,20.7
,DK  Metcalf,PIT,WR,1,37,86.047,5,3,32,0,6.4,10.667,60,16,5.333,2,14,0,5,3,32,0,0,4.948,0.99,0,0,6.2,6.2
,Malik  Washington,MIA,WR,1,33,54.098,5,4,30,0,6,7.5,80,31,7.75,2,19,0,5,4,30,0,0,0.137,0.027,0,0,7,7
,Ashton  Jeanty,LV,RB,1,43,93.478,8,6,30,0,3.75,5,75,49,8.167,0,8,0,8,6,30,0,0,-0.449,-0.056,0,0,12.1,12.1
,Keenan  Allen,LAC,WR,1,40,56.338,5,4,30,0,6,7.5,80,0,0,3,10,0,5,4,30,1,0,3.804,0.761,0,0,7,7
,Tre  Harris,LAC,WR,1,32,45.07,4,3,30,0,7.5,10,75,20,6.667,2,16,0,4,3,30,0,0,3.132,0.783,0,0,6,6
,Andrei  Iosivas,CIN,WR,1,75,92.593,2,1,29,1,14.5,29,50,3,3,1,29,0,2,1,29,1,0,2.41,1.205,0,0,9.9,9.9
,Chig  Okonkwo,TEN,TE,1,33,58.929,5,4,29,0,5.8,7.25,80,3,0.75,1,16,0,5,4,29,0,0,-0.781,-0.156,0,0,6.9,6.9
,KaVontae  Turpin,DAL,WR,1,25,38.462,2,2,28,0,14,14,100,28,14,2,19,0,2,2,28,0,0,1.931,0.966,0,0,8.1,8.1
,Colston  Loveland,CHI,TE,1,49,56.322,6,3,28,0,4.667,9.333,50,1,0.333,2,13,0,6,3,28,0,0,3.203,0.534,0,0,5.8,5.8
,Brian  Thomas Jr.,JAX,WR,1,42,71.186,3,2,28,0,9.333,14,66.667,12,6,2,17,0,3,2,28,0,0,3.129,1.043,0,0,4.8,4.8
,Dawson  Knox,BUF,TE,1,56,71.795,4,3,28,0,7,9.333,75,7,2.333,2,16,0,4,3,28,0,0,1.599,0.4,0,0,5.8,5.8
,Dallas  Goedert,PHI,TE,1,43,84.314,4,2,27,0,6.75,13.5,50,5,2.5,1,22,0,4,2,27,0,0,-1.87,-0.467,0,0,4.7,4.7
,Colby  Parkinson,LA,TE,1,34,66.667,5,4,27,0,5.4,6.75,80,27,6.75,3,12,0,5,4,27,1,0,-3.839,-0.768,0,0,6.7,6.7
,Kyle  Juszczyk,SF,FB,1,22,33.846,2,2,27,0,13.5,13.5,100,4,2,1,23,0,2,2,27,0,0,1.642,0.821,0,0,4.7,4.7
,Oronde  Gadsden II,LAC,TE,1,45,63.38,2,1,27,0,13.5,27,50,4,4,1,27,0,2,1,27,0,0,1.94,0.97,0,0,3.7,3.7
,RJ  Harvey,DEN,RB,1,32,45.07,4,3,27,0,6.75,9,75,28,9.333,2,12,0,4,3,27,0,0,1.001,0.25,0,0,21.2,21.2
,Jerry  Jeudy,CLV,WR,1,52,85.246,4,3,26,0,6.5,8.667,75,2,0.667,1,11,0,4,3,26,0,0,0.541,0.135,0,0,5.6,5.6
,Parker  Washington,JAX,WR,1,21,35.593,3,1,26,0,8.667,26,33.333,2,2,1,26,0,3,1,26,0,0,0.555,0.185,0,0,3.6,3.6
,DeAndre  Hopkins,BLT,WR,1,23,38.333,3,2,25,0,8.333,12.5,66.667,2,1,1,15,0,3,2,25,0,0,0.875,0.292,0,0,4.5,4.5
,Darnell  Mooney,ATL,WR,1,64,95.522,5,2,25,0,5,12.5,40,13,6.5,2,16,0,5,2,25,1,0,0.035,0.007,0,0,4.5,4.5
,Tyjae  Spears,TEN,RB,1,25,44.643,6,6,25,0,4.167,4.167,100,21,3.5,2,10,0,6,6,25,0,0,0.714,0.119,0,0,8.4,8.4
,Kenneth  Gainwell,PIT,RB,1,18,41.86,3,2,25,0,8.333,12.5,66.667,30,15,1,17,0,3,2,25,0,0,0.137,0.046,0,0,6.5,6.5
,Greg  Dulcich,MIA,TE,1,19,31.148,2,2,24,0,12,12,100,7,3.5,1,21,0,2,2,24,0,0,2.03,1.015,0,0,4.4,4.4
,Cooper  Kupp,SEA,WR,1,46,74.194,4,3,24,0,6,8,75,16,5.333,1,13,0,4,3,24,0,0,0.128,0.032,0,0,5.4,5.4
,Luke  Musgrave,GB,TE,1,33,53.226,1,1,23,0,23,23,100,2,2,1,23,0,1,1,23,0,0,1.903,1.903,0,0,3.3,3.3
,Gage  Larvadain,CLV,WR,1,17,27.869,3,2,23,0,7.667,11.5,66.667,6,3,2,13,0,3,2,23,0,0,1.498,0.499,0,0,4.3,4.3
,Gunnar  Helm,TEN,TE,1,30,53.571,7,6,23,0,3.286,3.833,85.714,2,0.333,0,6,0,7,6,23,1,0,-4.056,-0.579,0,0,8.3,8.3
,Jaxon  Smith-Njigba,SEA,WR,1,50,80.645,4,2,23,0,5.75,11.5,50,23,11.5,2,17,0,4,2,23,0,0,1.114,0.278,0,0,4.3,4.3
,Quentin  Johnston,LAC,WR,1,45,63.38,3,3,23,1,7.667,7.667,100,5,1.667,2,10,0,3,3,23,0,0,4.397,1.466,0,0,11.3,11.3
,Kareem  Hunt,KC,RB,1,40,63.492,2,1,22,0,11,22,50,22,22,1,22,0,2,1,22,0,0,1.991,0.996,0,0,9,9
,Mitchell  Tinsley,CIN,WR,1,53,65.432,9,2,22,0,2.444,11,22.222,9,4.5,1,14,0,9,2,22,2,0,-1.875,-0.208,0,0,4.2,4.2
,Tyler  Warren,IND,TE,1,44,86.275,4,3,22,1,5.5,7.333,75,4,1.333,1,12,0,4,3,22,1,1,0.834,0.208,0,0,11.2,11.2
,Devin  Neal,NO,RB,1,56,77.778,3,3,22,0,7.333,7.333,100,25,8.333,0,10,0,3,3,22,0,0,0.303,0.101,0,0,9.9,9.9
,Rachaad  White,TB,RB,1,21,35,3,3,22,0,7.333,7.333,100,35,11.667,0,11,0,3,3,22,0,0,0.057,0.019,0,0,5.9,5.9
,Aaron  Jones,MIN,RB,1,19,38,4,4,22,0,5.5,5.5,100,46,11.5,1,13,0,4,4,22,0,0,-3.111,-0.778,0,0,6.5,6.5
,Jack  Bech,LV,WR,1,25,54.348,3,2,22,0,7.333,11,66.667,8,4,2,16,0,3,2,22,0,0,0.228,0.076,0,0,4.2,4.2
,Javonte  Williams,DAL,RB,1,50,76.923,3,3,21,1,7,7,100,31,10.333,2,14,0,3,3,21,0,0,2.874,0.958,0,0,17,17
,Rico  Dowdle,CAR,RB,1,24,37.5,2,2,21,0,10.5,10.5,100,32,16,1,13,0,2,2,21,0,0,0.728,0.364,0,0,9.9,9.9
,Christian  McCaffrey,SF,RB,1,52,80,4,4,21,0,5.25,5.25,100,25,6.25,2,12,0,4,4,21,0,0,2.643,0.661,0,0,17.4,17.4
,Mason  Taylor,NYJ,TE,1,54,78.261,4,2,21,0,5.25,10.5,50,6,3,2,15,0,4,2,21,0,0,0.083,0.021,0,0,4.1,4.1
,Cody  White,SEA,WR,1,14,22.581,1,1,21,0,21,21,100,13,13,1,21,0,1,1,21,0,0,2.87,2.87,0,0,3.1,3.1
,Troy  Franklin,DEN,WR,1,39,54.93,3,2,21,0,7,10.5,66.667,0,0,1,17,0,3,2,21,0,0,-0.093,-0.031,0,0,4.1,4.1
,Romeo  Doubs,GB,WR,1,48,77.419,4,4,20,1,5,5,100,9,2.25,2,8,0,4,4,20,1,1,3.789,0.947,0,0,12,12
,Marquise  Brown,KC,WR,1,26,41.27,2,2,20,1,10,10,100,3,1.5,2,10,0,2,2,20,1,1,3.153,1.577,0,0,10,10
,Mitchell  Evans,CAR,TE,1,29,45.313,3,3,20,0,6.667,6.667,100,23,7.667,1,7,0,3,3,20,0,0,1.065,0.355,0,0,5,5
,Mason  Tipton,NO,WR,1,58,80.556,4,3,20,0,5,6.667,75,17,5.667,1,10,0,4,3,20,0,0,-1.994,-0.499,0,0,4.9,4.9
,Bucky  Irving,TB,RB,1,31,51.667,2,2,20,0,10,10,100,30,15,1,20,0,2,2,20,0,0,0.617,0.309,0,0,16.1,16.1
,Van  Jefferson,TEN,WR,1,40,71.429,4,3,20,0,5,6.667,75,2,0.667,0,12,0,4,3,20,0,0,-0.461,-0.115,0,0,5,5
,Tre  Tucker,LV,WR,1,43,93.478,3,3,20,0,6.667,6.667,100,6,2,1,9,0,3,3,20,0,0,0.778,0.259,0,0,5,5
,Ty  Johnson,BUF,RB,1,20,25.641,5,3,20,0,4,6.667,60,18,6,2,9,0,5,3,20,0,0,0.13,0.026,0,0,5.5,5.5
,Mike  Gesicki,CIN,TE,1,22,27.16,4,2,19,0,4.75,9.5,50,4,2,1,11,0,4,2,19,2,0,-0.239,-0.06,0,0,3.9,3.9
,Olamide  Zaccheaus,CHI,WR,1,24,27.586,3,2,19,0,6.333,9.5,66.667,15,7.5,2,10,0,3,2,19,1,0,2.705,0.902,0,0,3.9,3.9
,John  Metchie III,NYJ,WR,1,60,86.957,8,4,19,0,2.375,4.75,50,11,2.75,0,7,0,8,4,19,0,0,-4.667,-0.583,0,0,5.7,5.7
,Jahmyr  Gibbs,DET,RB,1,44,72.131,4,3,18,0,4.5,6,75,3,1,1,7,0,4,3,18,0,0,1.397,0.349,0,0,11.6,11.6
,Quinshon  Judkins,CLV,RB,1,37,60.656,3,3,18,0,6,6,100,26,8.667,1,13,0,3,3,18,0,0,0.176,0.059,0,0,13.9,13.9
,Isaiah  Bond,CLV,WR,1,18,29.508,2,1,18,0,9,18,50,0,0,1,18,0,2,1,18,0,0,0.305,0.152,0,0,3.7,3.7
,Kenneth  Walker III,SEA,RB,1,33,53.226,4,3,18,0,4.5,6,75,27,9,2,14,0,4,3,18,0,0,0.704,0.176,0,0,10.4,10.4
,Tyler  Badie,DEN,RB,1,18,25.352,5,3,18,0,3.6,6,60,15,5,1,13,0,5,3,18,0,0,-0.2,-0.04,0,0,4.8,4.8
,Isiah  Pacheco,KC,RB,1,16,25.397,2,2,17,0,8.5,8.5,100,12,6,0,11,0,2,2,17,0,0,-0.294,-0.147,0,0,5.3,5.3
,Charlie  Kolar,BLT,TE,1,8,13.333,1,1,17,0,17,17,100,3,3,1,17,0,1,1,17,0,0,1.142,1.142,0,0,2.7,2.7
,DJ  Moore,CHI,WR,1,76,87.356,5,2,17,0,3.4,8.5,40,6,3,2,11,0,5,2,17,0,0,0.907,0.181,0,0,4.7,4.7
,Jerome  Ford,CLV,RB,1,13,21.311,3,3,17,0,5.667,5.667,100,21,7,1,9,0,3,3,17,0,0,1.521,0.507,0,0,4.7,4.7
,Elijah  Higgins,ARZ,TE,1,24,37.5,2,2,17,0,8.5,8.5,100,11,5.5,1,9,0,2,2,17,0,0,0.904,0.452,0,0,3.7,3.7
,David  Montgomery,DET,RB,1,21,34.426,2,2,16,0,8,8,100,11,5.5,1,13,0,2,2,16,0,0,0.962,0.481,0,0,12.8,12.8
,Cade  Stover,HST,TE,1,29,40.845,2,2,16,0,8,8,100,7,3.5,1,11,0,2,2,16,0,0,0.582,0.291,0,0,3.9,3.9
,Cedrick  Wilson Jr.,MIA,WR,1,10,16.393,2,1,16,0,8,16,50,12,12,1,16,0,2,1,16,0,0,0.33,0.165,0,0,2.6,2.6
,Samaje  Perine,CIN,RB,1,33,40.741,2,2,15,0,7.5,7.5,100,13,6.5,0,9,0,2,2,15,0,0,-1.019,-0.51,0,0,7.4,7.4
,David  Sills,ATL,WR,1,56,83.582,4,2,15,1,3.75,7.5,50,17,8.5,1,9,0,4,2,15,0,0,2.908,0.727,0,0,9.5,9.5
,Xavier  Restrepo,TEN,WR,1,10,17.857,1,1,15,0,15,15,100,6,6,1,15,0,1,1,15,0,0,1.437,1.437,0,0,2.5,2.5
,Drew  Sample,CIN,TE,1,47,58.025,2,1,14,0,7,14,50,12,12,1,14,0,2,1,14,0,0,0.526,0.263,0,0,2.7,2.7
,Tanner  Hudson,CIN,TE,1,6,7.407,2,1,14,1,7,14,50,0,0,1,14,0,2,1,14,2,1,2.963,1.482,0,0,8.4,8.4
,Ricky  Pearsall,SF,WR,1,56,86.154,3,2,14,0,4.667,7,66.667,6,3,1,13,0,3,2,14,1,0,-0.37,-0.123,0,0,3.4,3.4
,Greg  Dortch,ARZ,WR,1,21,32.813,2,2,14,0,7,7,100,17,8.5,1,11,0,2,2,14,0,0,1.246,0.623,0,0,3.4,3.4
,Quintin  Morris,JAX,TE,1,9,15.254,2,1,14,0,7,14,50,4,4,1,14,0,2,1,14,0,0,0.101,0.05,0,0,2.4,2.4
,Colson  Yankoff,WAS,TE,1,1,1.136,1,1,14,0,14,14,100,1,1,1,14,0,1,1,14,0,0,1,1,0,0,2.4,2.4
,D'Andre  Swift,CHI,RB,1,47,54.023,2,1,13,0,6.5,13,50,18,18,1,13,0,2,1,13,0,0,0.365,0.183,0,0,20.8,20.8
,Michael  Pittman,IND,WR,1,42,82.353,4,1,13,0,3.25,13,25,1,1,1,13,0,4,1,13,0,0,-3.45,-0.863,0,0,2.3,2.3
,Foster  Moreau,NO,TE,1,27,37.5,2,2,13,0,6.5,6.5,100,10,5,0,7,0,2,2,13,0,0,0.729,0.365,0,0,3.3,3.3
,Travis  Etienne,JAX,RB,1,27,45.763,1,1,13,0,13,13,100,17,17,1,13,0,1,1,13,0,0,0.95,0.95,0,0,5.1,5.1
,James  Proche,TEN,WR,1,8,14.286,1,1,13,0,13,13,100,0,0,0,13,0,1,1,13,0,0,0.397,0.397,0,0,2.3,2.3
,Brandin  Cooks,BUF,WR,1,16,20.513,1,1,13,0,13,13,100,0,0,1,13,0,1,1,13,0,0,2.282,2.282,0,0,2.3,2.3
,Keaton  Mitchell,BLT,RB,1,8,13.333,3,2,12,0,4,6,66.667,14,7,1,12,0,3,2,12,0,0,0.253,0.084,0,0,11.1,11.1
,Jahan  Dotson,PHI,WR,1,29,56.863,3,1,12,0,4,12,33.333,7,7,1,12,0,3,1,12,0,0,-0.51,-0.17,0,0,2.2,2.2
,Jeremy  Ruckert,NYJ,TE,1,26,37.681,2,2,12,0,6,6,100,4,2,0,9,0,2,2,12,0,0,0.28,0.14,0,0,3.2,3.2
,Will  Shipley,PHI,RB,1,3,5.882,1,1,11,0,11,11,100,1,1,0,11,0,1,1,11,0,0,-0.152,-0.152,0,0,2.1,2.1
,Payne  Durham,TB,TE,1,21,35,1,1,11,0,11,11,100,11,11,1,11,0,1,1,11,0,0,0.604,0.604,0,0,2.1,2.1
,Tim  Patrick,JAX,WR,1,6,10.169,1,1,11,0,11,11,100,0,0,1,11,0,1,1,11,0,0,1.108,1.108,0,0,2.1,2.1
,Dont'e  Thornton Jr.,LV,WR,1,13,28.261,2,1,11,0,5.5,11,50,12,12,1,11,0,2,1,11,0,0,-1.975,-0.988,0,0,2.1,2.1
,Tyler  Lockett,LV,WR,1,24,52.174,1,1,11,0,11,11,100,7,7,1,11,0,1,1,11,0,0,1.832,1.832,0,0,2.1,2.1
,Kimani  Vidal,LAC,RB,1,51,71.831,1,1,11,0,11,11,100,12,12,1,11,0,1,1,11,0,0,0.767,0.767,0,0,20.7,20.7
,Adam  Prentice,DEN,FB,1,16,22.535,1,1,11,0,11,11,100,9,9,1,11,0,1,1,11,0,0,1.812,1.812,0,0,2.4,2.4
,Allen  Lazard,NYJ,WR,1,17,24.638,1,1,10,0,10,10,100,0,0,1,10,0,1,1,10,0,0,1.863,1.863,0,0,2,2
,Jackson  Hawes,BUF,TE,1,49,62.821,1,1,10,0,10,10,100,10,10,1,10,0,1,1,10,0,0,0.833,0.833,0,0,2,2
,Chris  Brooks,GB,RB,1,15,24.194,2,2,9,0,4.5,4.5,100,4,2,0,5,0,2,2,9,0,0,-1.03,-0.515,0,0,2.9,2.9
,Cade  Otton,TB,TE,1,52,86.667,2,2,9,0,4.5,4.5,100,4,2,0,5,0,2,2,9,0,0,-0.126,-0.063,0,0,2.9,2.9
,Keon  Coleman,BUF,WR,1,33,42.308,3,2,9,1,3,4.5,66.667,6,3,1,8,0,3,2,9,1,1,4.405,1.468,0,0,8.9,8.9
,Jaylen  Warren,PIT,RB,1,24,55.814,4,2,9,0,2.25,4.5,50,17,8.5,0,7,0,4,2,9,0,0,-0.646,-0.162,0,0,12.4,12.4
,John  Bates,WAS,TE,1,47,53.409,2,2,9,0,4.5,4.5,100,8,4,0,7,0,2,2,9,0,0,-0.371,-0.186,0,0,2.9,2.9
,Josh  Jacobs,GB,RB,1,33,53.226,1,1,8,0,8,8,100,5,5,0,8,0,1,1,8,0,0,0.537,0.537,0,0,10.1,10.1
,Rome  Odunze,CHI,WR,1,68,78.161,6,2,8,0,1.333,4,33.333,1,0.5,1,5,0,6,2,8,1,0,-2.417,-0.403,0,0,2.8,2.8
,Andrew  Ogletree,IND,TE,1,12,23.529,1,1,8,0,8,8,100,1,1,0,8,0,1,1,8,0,0,0.506,0.506,0,0,1.8,1.8
,Breece  Hall,NYJ,RB,1,56,81.159,2,2,8,0,4,4,100,1,0.5,1,13,0,2,2,8,0,0,0.267,0.134,0,0,15.6,15.6
,Chimere  Dike,TEN,WR,1,42,75,4,1,8,0,2,8,25,11,11,0,8,0,4,1,8,0,0,-2.159,-0.54,0,0,1.9,1.9
,Ian  Thomas,LV,TE,1,25,54.348,1,1,8,0,8,8,100,7,7,0,8,0,1,1,8,0,0,0.509,0.509,0,0,1.8,1.8
,Marvin  Mims Jr.,DEN,WR,1,23,32.394,2,2,8,0,4,4,100,10,5,1,6,0,2,2,8,0,0,0.419,0.21,0,0,3.7,3.7
,Rashid  Shaheed,SEA,WR,1,29,46.774,3,1,7,0,2.333,7,33.333,1,1,0,7,0,3,1,7,0,0,-1.231,-0.41,0,0,2.6,2.6
,Zay  Flowers,BLT,WR,1,54,90,7,2,6,0,0.857,3,28.571,-1,-0.5,0,5,0,7,2,6,0,0,-11.086,-1.584,0,0,2.6,2.6
,Jonnu  Smith,PIT,TE,1,23,53.488,2,1,6,0,3,6,50,9,9,0,6,0,2,1,6,1,0,-0.769,-0.385,0,0,1.6,1.6
,Jaleel  McLaughlin,DEN,RB,1,13,18.31,1,1,6,0,6,6,100,8,8,0,6,0,1,1,6,0,0,-0.336,-0.336,0,0,4,4
,Taysom  Hill,NO,QB,1,12,16.667,1,1,5,0,5,5,100,0,0,0,5,0,1,1,5,0,0,-0.055,-0.055,0,0,1.7,1.7
,Tez  Johnson,TB,WR,1,32,53.333,2,1,5,0,2.5,5,50,7,7,0,5,0,2,1,5,0,0,-0.465,-0.233,0,0,1.5,1.5
,Sterling  Shepard,TB,WR,1,16,26.667,2,1,5,0,2.5,5,50,0,0,1,5,0,2,1,5,0,0,0.474,0.237,0,0,1.5,1.5
,Elic  Ayomanor,TEN,WR,1,47,83.929,5,1,5,0,1,5,20,0,0,0,5,0,5,1,5,0,0,-5.13,-1.026,0,0,1.5,1.5
,Khalil  Shakir,BUF,WR,1,36,46.154,4,1,5,0,1.25,5,25,0,0,0,5,0,4,1,5,0,0,-2.436,-0.609,0,0,1.5,1.5
,Gabe  Davis,BUF,WR,1,44,56.41,2,1,5,0,2.5,5,50,2,2,0,5,0,2,1,5,0,0,-4.495,-2.248,0,0,1.5,1.5
,Treylon  Burks,WAS,WR,1,56,63.636,4,1,5,1,1.25,5,25,0,0,1,5,0,4,1,5,1,1,1.303,0.326,0,0,7.5,7.5
,Davis  Allen,LA,TE,1,18,35.294,1,1,4,0,4,4,100,9,9,0,4,0,1,1,4,0,0,-0.454,-0.454,0,0,1.4,1.4
,Trevor  Etienne,CAR,RB,1,2,3.125,1,1,4,0,4,4,100,3,3,0,4,0,1,1,4,0,0,-0.011,-0.011,0,0,1.4,1.4
,David  Njoku,CLV,TE,1,30,49.18,2,2,4,0,2,2,100,2,1,0,4,0,2,2,4,0,0,-1.126,-0.563,0,0,2.4,2.4
,Justin  Jefferson,MIN,WR,1,47,94,6,2,4,0,0.667,2,33.333,9,4.5,0,8,0,6,2,4,0,0,-7.316,-1.219,0,0,2.4,2.4
,Zavier  Scott,MIN,RB,1,9,18,1,1,4,0,4,4,100,6,6,0,4,0,1,1,4,0,0,-0.167,-0.167,0,0,3.1,3.1
,Ross  Dwelley,DET,TE,1,44,72.131,3,1,3,0,1,3,33.333,3,3,0,3,0,3,1,3,1,0,-2.047,-0.682,0,0,1.3,1.3
,Noah  Fant,CIN,TE,1,34,41.975,2,1,3,0,1.5,3,50,3,3,0,3,0,2,1,3,0,0,-1.104,-0.552,0,0,1.3,1.3
,Woody  Marks,HST,RB,1,40,56.338,1,1,3,0,3,3,100,6,6,0,3,0,1,1,3,0,0,-0.378,-0.378,0,0,7.7,7.7
,Dylan  Drummond,ATL,WR,1,21,31.343,3,1,3,0,1,3,33.333,0,0,1,3,0,3,1,3,0,0,-2.915,-0.972,0,0,1.3,1.3
,Tony  Pollard,TEN,RB,1,26,46.429,2,1,3,0,1.5,3,50,4,4,0,3,0,2,1,3,0,0,-7.171,-3.585,0,0,7.3,7.3
,Tommy  Tremble,CAR,TE,1,35,54.688,2,1,2,0,1,2,50,1,1,0,2,0,2,1,2,0,0,-2.087,-1.043,0,0,1.2,1.2
,Bhayshul  Tuten,JAX,RB,1,16,27.119,1,1,2,0,2,2,100,0,0,0,2,0,1,1,2,0,0,-0.525,-0.525,0,0,8.9,8.9
,Luke  Schoonmaker,DAL,TE,1,17,26.154,1,1,1,0,1,1,100,2,2,0,1,0,1,1,1,0,0,-0.524,-0.524,0,0,1.1,1.1
,Xavier  Legette,CAR,WR,1,42,65.625,2,1,1,0,0.5,1,50,3,3,0,1,0,2,1,1,0,0,-0.792,-0.396,0,0,1.1,1.1
,Jordan  Mason,MIN,RB,1,15,30,1,1,1,0,1,1,100,6,6,0,1,0,1,1,1,0,0,-0.471,-0.471,0,0,5.8,5.8
,John  FitzPatrick,GB,TE,1,12,19.355,1,0,0,0,0,0,0,0,0,0,0,0,1,0,0,0,0,-0.81,-0.81,0,0,0,0
,Emanuel  Wilson,GB,RB,1,10,16.129,0,0,0,0,0,0,0,0,0,0,0,0,0,0,0,,,,0,,,1.4,1.4
,Josh  Whyle,GB,TE,1,29,46.774,1,0,0,0,0,0,0,0,0,0,0,0,1,0,0,0,0,-1.24,-1.24,0,0,0,0
,Bo  Melton,GB,CB,1,9,14.516,1,0,0,0,0,0,0,0,0,0,0,0,1,0,0,0,0,-0.468,-0.468,0,0,1.5,1.5
,Malik  Heath,GB,WR,1,9,14.516,1,0,0,0,0,0,0,0,0,0,0,0,1,0,0,0,0,-0.788,-0.788,0,0,0,0
,Amon-Ra  St. Brown,DET,WR,1,4,6.557,1,0,0,0,0,0,0,0,0,0,0,0,1,0,0,0,0,-1.511,-1.511,0,0,0,0
,Jalen  Tolbert,DAL,WR,1,14,21.538,0,0,0,0,0,0,0,0,0,0,0,0,0,0,0,,,,0,,,0,0
,Hunter  Luepke,DAL,FB,1,14,21.538,0,0,0,0,0,0,0,0,0,0,0,0,0,0,0,,,,0,,,0,0
,Tyquan  Thornton,KC,WR,1,14,22.222,0,0,0,0,0,0,0,0,0,0,0,0,0,0,0,,,,0,,,0,0
,Brevyn  Spann-Ford,DAL,TE,1,15,23.077,0,0,0,0,0,0,0,0,0,0,0,0,0,0,0,,,,0,,,0,0
,JuJu  Smith-Schuster,KC,WR,1,19,30.159,1,0,0,0,0,0,0,0,0,0,0,0,1,0,0,0,0,-0.35,-0.35,0,0,0,0
,Brashard  Smith,KC,RB,1,4,6.349,0,0,0,0,0,0,0,0,0,0,0,0,0,0,0,,,,0,,,0,0
,Rashod  Bateman,BLT,WR,1,43,71.667,1,0,0,0,0,0,0,0,0,0,0,0,1,0,0,0,0,-0.392,-0.392,0,0,0,0
,Devontez  Walker,BLT,WR,1,14,23.333,2,0,0,0,0,0,0,0,0,0,0,0,2,0,0,0,0,-0.929,-0.465,0,0,0,0
,Durham  Smythe,CHI,TE,1,20,22.989,0,0,0,0,0,0,0,0,0,0,0,0,0,0,0,,,,0,,,0,0
,Saquon  Barkley,PHI,RB,1,46,90.196,2,0,0,0,0,0,0,0,0,0,0,0,2,0,0,0,0,-1.189,-0.595,0,0,5.6,5.6
,Grant  Calcaterra,PHI,TE,1,12,23.529,0,0,0,0,0,0,0,0,0,0,0,0,0,0,0,,,,0,,,0,0
,Kyle  Monangai,CHI,RB,1,37,42.529,1,0,0,0,0,0,0,0,0,0,0,0,1,0,0,0,0,-6.91,-6.91,0,0,19,19
,Kyren  Williams,LA,RB,1,35,68.627,1,0,0,0,0,0,0,0,0,0,0,0,1,0,0,0,0,-0.491,-0.491,0,0,13.2,13.2
,Konata  Mumpfield,LA,WR,1,18,35.294,0,0,0,0,0,0,0,0,0,0,0,0,0,0,0,,,,0,,,0,0
,Terrance  Ferguson,LA,TE,1,16,31.373,2,0,0,0,0,0,0,0,0,0,0,0,2,0,0,1,0,-0.93,-0.465,0,0,0,0
,Jordan  Whittington,LA,WR,1,18,35.294,1,0,0,0,0,0,0,0,0,0,0,0,1,0,0,0,0,-0.491,-0.491,0,0,0,0
,Ja'Tavion  Sanders,CAR,TE,1,30,46.875,0,0,0,0,0,0,0,0,0,0,0,0,0,0,0,,,,0,,,0,0
,Blake  Corum,LA,RB,1,15,29.412,0,0,0,0,0,0,0,0,0,0,0,0,0,0,0,,,,0,,,14.1,14.1
,Brycen  Tremayne,CAR,WR,1,13,20.313,0,0,0,0,0,0,0,0,0,0,0,0,0,0,0,,,,0,,,0,0
,Jimmy  Horn Jr.,CAR,WR,1,4,6.25,0,0,0,0,0,0,0,0,0,0,0,0,0,0,0,,,,0,,,0,0
,Demarcus  Robinson,SF,WR,1,26,40,1,0,0,0,0,0,0,0,0,0,0,0,1,0,0,0,0,-0.559,-0.559,0,0,0.6,0.6
,Malachi  Corley,CLV,WR,1,21,34.426,0,0,0,0,0,0,0,0,0,0,0,0,0,0,0,,,,0,,,0.9,0.9
,Cedric  Tillman,CLV,WR,1,38,62.295,1,0,0,0,0,0,0,0,0,0,0,0,1,0,0,0,0,-0.684,-0.684,0,0,0,0
,Dylan  Sampson,CLV,RB,1,11,18.033,0,0,0,0,0,0,0,0,0,0,0,0,0,0,0,,,,0,,,2.3,2.3
,Luke  Farrell,SF,TE,1,13,20,1,0,0,0,0,0,0,0,0,0,0,0,1,0,0,1,0,-0.401,-0.401,0,0,0,0
,Jake  Tonges,SF,TE,1,7,10.769,0,0,0,0,0,0,0,0,0,0,0,0,0,0,0,,,,0,,,0,0
,Kendrick  Bourne,SF,WR,1,21,32.308,1,0,0,0,0,0,0,0,0,0,0,0,1,0,0,0,0,-1.165,-1.165,0,0,0,0
,Blake  Whiteheart,CLV,TE,1,6,9.836,0,0,0,0,0,0,0,0,0,0,0,0,0,0,0,,,,0,,,0,0
,Brian  Robinson,SF,RB,1,12,18.462,0,0,0,0,0,0,0,0,0,0,0,0,0,0,0,,,,0,,,2.6,2.6
,Mo  Alie-Cox,IND,TE,1,22,43.137,0,0,0,0,0,0,0,0,0,0,0,0,0,0,0,,,,0,,,0,0
,Ameer  Abdullah,IND,RB,1,1,1.961,0,0,0,0,0,0,0,0,0,0,0,0,0,0,0,,,,0,,,0,0
,Jaylin  Noel,HST,WR,1,19,26.761,1,0,0,0,0,0,0,0,0,0,0,0,1,0,0,0,0,-0.765,-0.765,0,0,0,0
,Dare  Ogunbowale,HST,RB,1,4,5.634,0,0,0,0,0,0,0,0,0,0,0,0,0,0,0,,,,0,,,0,0
,Nick  Chubb,HST,RB,1,23,32.394,0,0,0,0,0,0,0,0,0,0,0,0,0,0,0,,,,0,,,9.4,9.4
,Christian  Kirk,HST,WR,1,32,45.07,0,0,0,0,0,0,0,0,0,0,0,0,0,0,0,,,,0,,,0,0
,Alec  Ingold,MIA,FB,1,14,22.951,0,0,0,0,0,0,0,0,0,0,0,0,0,0,0,,,,0,,,0,0
,De'Von  Achane,MIA,RB,1,44,72.131,1,0,0,0,0,0,0,0,0,0,0,0,1,0,0,0,0,-0.968,-0.968,0,0,19.4,19.4
,Nick  Westbrook-Ikhine,MIA,WR,1,12,19.672,0,0,0,0,0,0,0,0,0,0,0,0,0,0,0,,,,0,,,0,0
,Dee  Eskridge,MIA,WR,1,2,3.279,0,0,0,0,0,0,0,0,0,0,0,0,0,0,0,,,,0,,,0,0
,Ollie  Gordon II,MIA,RB,1,13,21.311,0,0,0,0,0,0,0,0,0,0,0,0,0,0,0,,,,0,,,1,1
,Julian  Hill,MIA,TE,1,31,50.82,1,0,0,0,0,0,0,0,0,0,0,0,1,0,0,0,0,-1.652,-1.652,0,0,0,0
,Jack  Stoll,NO,TE,1,3,4.167,0,0,0,0,0,0,0,0,0,0,0,0,0,0,0,,,,0,,,0,0
,Charlie  Woerner,ATL,TE,1,42,62.687,0,0,0,0,0,0,0,0,0,0,0,0,0,0,0,,,,0,,,0,0
,Isaiah  Davis,NYJ,RB,1,6,8.696,1,0,0,0,0,0,0,0,0,0,0,0,1,0,0,0,0,-1.087,-1.087,0,0,0,0
,Isaiah  Williams,NYJ,WR,1,26,37.681,1,0,0,0,0,0,0,0,0,0,0,0,1,0,0,0,0,-1.196,-1.196,0,0,0,0
,Andrew  Beck,NYJ,FB,1,6,8.696,0,0,0,0,0,0,0,0,0,0,0,0,0,0,0,,,,0,,,0,0
,Xavier  Weaver,ARZ,WR,1,30,46.875,1,0,0,0,0,0,0,0,0,0,0,0,1,0,0,0,0,-0.501,-0.501,0,0,0,0
,Sean  Tucker,TB,RB,1,5,8.333,0,0,0,0,0,0,0,0,0,0,0,0,0,0,0,,,,0,,,0,0
,Ryan  Miller,TB,WR,1,1,1.667,0,0,0,0,0,0,0,0,0,0,0,0,0,0,0,,,,0,,,0,0
,Johnny  Mundt,JAX,TE,1,10,16.949,0,0,0,0,0,0,0,0,0,0,0,0,0,0,0,,,,0,,,0,0
,LeQuint  Allen Jr.,JAX,RB,1,12,20.339,0,0,0,0,0,0,0,0,0,0,0,0,0,0,0,,,,0,,,0,0
,Austin  Trammell,JAX,WR,1,30,50.847,4,0,0,0,0,0,0,0,0,0,0,0,4,0,0,1,0,-3.088,-0.772,0,0,0,0
,Josh  Oliver,MIN,TE,1,21,42,0,0,0,0,0,0,0,0,0,0,0,0,0,0,0,,,,0,,,0,0
,Elijah  Arroyo,SEA,TE,1,23,37.097,2,0,0,0,0,0,0,0,0,0,0,0,2,0,0,0,0,-3.408,-1.704,0,0,0,0
,Zach  Charbonnet,SEA,RB,1,25,40.323,0,0,0,0,0,0,0,0,0,0,0,0,0,0,0,,,,0,,,11.2,11.2
,Jalen  Nailor,MIN,WR,1,34,68,1,0,0,0,0,0,0,0,0,0,0,0,1,0,0,0,0,-3.717,-3.717,0,0,0,0
,Tucker  Fisk,LAC,TE,1,23,32.394,0,0,0,0,0,0,0,0,0,0,0,0,0,0,0,,,,0,,,0,0
,Tyler  Conklin,LAC,TE,1,2,2.817,0,0,0,0,0,0,0,0,0,0,0,0,0,0,0,,,,0,,,0,0
,Raheem  Mostert,LV,RB,1,2,4.348,0,0,0,0,0,0,0,0,0,0,0,0,0,0,0,,,,0,,,0.6,0.6
,Scott  Matlock,LAC,FB,1,17,23.944,0,0,0,0,0,0,0,0,0,0,0,0,0,0,0,,,,0,,,0,0
,Tyrell  Shavers,BUF,WR,1,46,58.974,0,0,0,0,0,0,0,0,0,0,0,0,0,0,0,,,,0,,,0,0
,Roman  Wilson,PIT,WR,1,19,44.186,1,0,0,0,0,0,0,0,0,0,0,0,1,0,0,0,0,-1.557,-1.557,0,0,0,0
,Pat  Freiermuth,PIT,TE,1,17,39.535,0,0,0,0,0,0,0,0,0,0,0,0,0,0,0,,,,0,,,0,0
,Calvin  Austin III,PIT,WR,1,21,48.837,2,0,0,0,0,0,0,0,0,0,0,0,2,0,0,0,0,-3.229,-1.615,0,0,0,0
,Ray  Davis,BUF,RB,1,13,16.667,0,0,0,0,0,0,0,0,0,0,0,0,0,0,0,,,,0,,,6.2,6.2
,Ben  Skowronek,PIT,WR,1,4,9.302,1,0,0,0,0,0,0,0,0,0,0,0,1,0,0,0,0,-0.271,-0.271,0,0,0,0
,Kaleb  Johnson,PIT,RB,1,3,6.977,0,0,0,0,0,0,0,0,0,0,0,0,0,0,0,,,,0,,,0.3,0.3
,Chris  Rodriguez Jr.,WAS,RB,1,37,42.045,1,0,0,0,0,0,0,0,0,0,0,0,1,0,0,0,0,-5.778,-5.778,0,0,10.1,10.1
,Jeremy  McNichols,WAS,RB,1,38,43.182,2,2,0,0,0,0,100,9,4.5,0,0,0,2,2,0,0,0,-1.309,-0.655,0,0,5,5
,Jaylin  Lane,WAS,WR,1,33,37.5,1,0,0,0,0,0,0,0,0,0,0,0,1,0,0,0,0,-1.828,-1.828,0,0,0,0
,Ben  Sinnott,WAS,TE,1,14,15.909,0,0,0,0,0,0,0,0,0,0,0,0,0,0,0,,,,0,,,0,0
,Lil'Jordan  Humphrey,DEN,WR,1,14,19.718,1,0,0,0,0,0,0,0,0,0,0,0,1,0,0,0,0,-0.455,-0.455,0,0,0,0
,Jacory  Croskey-Merritt,WAS,RB,1,12,13.636,0,0,0,0,0,0,0,0,0,0,0,0,0,0,0,,,,0,,,2,2
,Chris  Moore,WAS,WR,1,25,28.409,0,0,0,0,0,0,0,0,0,0,0,0,0,0,0,,,,0,,,0,0