Player,Team,Opponent,Position,Stat_Type,Line,Week,Home_Away,Game_Total,Spread
Justin Herbert,Los Angeles Chargers,Minnesota Vikings,QB,Pass Att,35.5,7,HOME,44.5,-3.0
Carson Wentz,Los Angeles Chargers,Minnesota Vikings,QB,Pass Att,32.5,7,HOME,44.5,-3.0
Justin Herbert,Los Angeles Chargers,Minnesota Vikings,QB,Pass Comp,23.5,7,HOME,44.5,-3.0
Carson Wentz,Los Angeles Chargers,Minnesota Vikings,QB,Pass Comp,20.5,7,HOME,44.5,-3.0
Justin Herbert,Los Angeles Chargers,Minnesota Vikings,QB,Pass TDs,1.5,7,HOME,44.5,-3.0
Carson Wentz,Los Angeles Chargers,Minnesota Vikings,QB,Pass TDs,1.5,7,HOME,44.5,-3.0
Justin Herbert,Los Angeles Chargers,Minnesota Vikings,QB,Pass Yds,252.5,7,HOME,44.5,-3.0
Carson Wentz,Los Angeles Chargers,Minnesota Vikings,QB,Pass Yds,223.5,7,HOME,44.5,-3.0
Justin Jefferson,Los Angeles Chargers,Minnesota Vikings,WR,Rec Yds,79.5,7,HOME,44.5,-3.0
Jordan Addison,Los Angeles Chargers,Minnesota Vikings,WR,Rec Yds,55.5,7,HOME,44.5,-3.0
Ladd McConkey,Los Angeles Chargers,Minnesota Vikings,WR,Rec Yds,55.5,7,HOME,44.5,-3.0
Keenan Allen,Los Angeles Chargers,Minnesota Vikings,WR,Rec Yds,50.5,7,HOME,44.5,-3.0
Quentin Johnston,Los Angeles Chargers,Minnesota Vikings,WR,Rec Yds,47.5,7,HOME,44.5,-3.0
Oronde Gadsden II,Los Angeles Chargers,Minnesota Vikings,WR,Rec Yds,43.5,7,HOME,44.5,-3.0
T.J. Hockenson,Los Angeles Chargers,Minnesota Vikings,WR,Rec Yds,35.5,7,HOME,44.5,-3.0
Justin Jefferson,Los Angeles Chargers,Minnesota Vikings,WR,Receptions,5.5,7,HOME,44.5,-3.0
Keenan Allen,Los Angeles Chargers,Minnesota Vikings,WR,Receptions,5.5,7,HOME,44.5,-3.0
Ladd McConkey,Los Angeles Chargers,Minnesota Vikings,WR,Receptions,5.5,7,HOME,44.5,-3.0
Jordan Addison,Los Angeles Chargers,Minnesota Vikings,WR,Receptions,4.5,7,HOME,44.5,-3.0
Oronde Gadsden II,Los Angeles Chargers,Minnesota Vikings,WR,Receptions,3.5,7,HOME,44.5,-3.0
T.J. Hockenson,Los Angeles Chargers,Minnesota Vikings,WR,Receptions,3.5,7,HOME,44.5,-3.0
Quentin Johnston,Los Angeles Chargers,Minnesota Vikings,WR,Receptions,3.5,7,HOME,44.5,-3.0
Justin Herbert,Los Angeles Chargers,Minnesota Vikings,RB,Rush Att,3.5,7,HOME,44.5,-3.0
Carson Wentz,Los Angeles Chargers,Minnesota Vikings,RB,Rush Att,2.5,7,HOME,44.5,-3.0
Kimani Vidal,Los Angeles Chargers,Minnesota Vikings,RB,Rush Yds,54.5,7,HOME,44.5,-3.0
Justin Herbert,Los Angeles Chargers,Minnesota Vikings,RB,Rush Yds,17.5,7,HOME,44.5,-3.0
Carson Wentz,Los Angeles Chargers,Minnesota Vikings,RB,Rush Yds,13.5,7,HOME,44.5,-3.0
Carson Wentz,Los Angeles Chargers,Minnesota Vikings,QB,Pass TDs,1.5,7,HOME,44.5,-3.0
Justin Herbert,Los Angeles Chargers,Minnesota Vikings,QB,Pass TDs,1.5,7,HOME,44.5,-3.0
Carson Wentz,Los Angeles Chargers,Minnesota Vikings,QB,Pass Yds,224.5,7,HOME,44.5,-3.0
Justin Herbert,Los Angeles Chargers,Minnesota Vikings,QB,Pass Yds,254.5,7,HOME,44.5,-3.0
Jordan Addison,Los Angeles Chargers,Minnesota Vikings,WR,Rec Yds,54.5,7,HOME,44.5,-3.0
Oronde Gadsden II,Los Angeles Chargers,Minnesota Vikings,WR,Rec Yds,43.5,7,HOME,44.5,-3.0
Keenan Allen,Los Angeles Chargers,Minnesota Vikings,WR,Rec Yds,50.5,7,HOME,44.5,-3.0
Justin Jefferson,Los Angeles Chargers,Minnesota Vikings,WR,Rec Yds,80.5,7,HOME,44.5,-3.0
T.J. Hockenson,Los Angeles Chargers,Minnesota Vikings,WR,Rec Yds,33.5,7,HOME,44.5,-3.0
Ladd McConkey,Los Angeles Chargers,Minnesota Vikings,WR,Rec Yds,55.5,7,HOME,44.5,-3.0
Quentin Johnston,Los Angeles Chargers,Minnesota Vikings,WR,Rec Yds,47.5,7,HOME,44.5,-3.0
Kimani Vidal,Los Angeles Chargers,Minnesota Vikings,WR,Rec Yds,15.5,7,HOME,44.5,-3.0
Jordan Addison,Los Angeles Chargers,Minnesota Vikings,WR,Receptions,4.5,7,HOME,44.5,-3.0
T.J. Hockenson,Los Angeles Chargers,Minnesota Vikings,WR,Receptions,3.5,7,HOME,44.5,-3.0
Keenan Allen,Los Angeles Chargers,Minnesota Vikings,WR,Receptions,5.5,7,HOME,44.5,-3.0
Justin Jefferson,Los Angeles Chargers,Minnesota Vikings,WR,Receptions,5.5,7,HOME,44.5,-3.0
Oronde Gadsden II,Los Angeles Chargers,Minnesota Vikings,WR,Receptions,4.5,7,HOME,44.5,-3.0
Ladd McConkey,Los Angeles Chargers,Minnesota Vikings,WR,Receptions,5.5,7,HOME,44.5,-3.0
Quentin Johnston,Los Angeles Chargers,Minnesota Vikings,WR,Receptions,3.5,7,HOME,44.5,-3.0
Justin Herbert,Los Angeles Chargers,Minnesota Vikings,RB,Rush Yds,16.5,7,HOME,44.5,-3.0
Carson Wentz,Los Angeles Chargers,Minnesota Vikings,RB,Rush Yds,11.5,7,HOME,44.5,-3.0
Kimani Vidal,Los Angeles Chargers,Minnesota Vikings,RB,Rush Yds,55.5,7,HOME,44.5,-3.0
Justin Herbert,Los Angeles Chargers,Minnesota Vikings,QB,Pass Att,34.5,7,HOME,44.5,-3.0
Carson Wentz,Los Angeles Chargers,Minnesota Vikings,QB,Pass Att,32.5,7,HOME,44.5,-3.0
Justin Herbert,Los Angeles Chargers,Minnesota Vikings,QB,Pass Comp,23.5,7,HOME,44.5,-3.0
Carson Wentz,Los Angeles Chargers,Minnesota Vikings,QB,Pass Comp,20.5,7,HOME,44.5,-3.0
Carson Wentz,Los Angeles Chargers,Minnesota Vikings,QB,Pass TDs,1.5,7,HOME,44.5,-3.0
Justin Herbert,Los Angeles Chargers,Minnesota Vikings,QB,Pass TDs,1.5,7,HOME,44.5,-3.0
Carson Wentz,Los Angeles Chargers,Minnesota Vikings,QB,Pass Yds,222.5,7,HOME,44.5,-3.0
Justin Herbert,Los Angeles Chargers,Minnesota Vikings,QB,Pass Yds,255.5,7,HOME,44.5,-3.0
Kimani Vidal,Los Angeles Chargers,Minnesota Vikings,WR,Rec Yds,15.5,7,HOME,44.5,-3.0
Jalen Nailor,Los Angeles Chargers,Minnesota Vikings,WR,Rec Yds,15.5,7,HOME,44.5,-3.0
T.J. Hockenson,Los Angeles Chargers,Minnesota Vikings,WR,Rec Yds,33.5,7,HOME,44.5,-3.0
Quentin Johnston,Los Angeles Chargers,Minnesota Vikings,WR,Rec Yds,47.5,7,HOME,44.5,-3.0
Jordan Addison,Los Angeles Chargers,Minnesota Vikings,WR,Rec Yds,54.5,7,HOME,44.5,-3.0
Ladd McConkey,Los Angeles Chargers,Minnesota Vikings,WR,Rec Yds,55.5,7,HOME,44.5,-3.0
Justin Jefferson,Los Angeles Chargers,Minnesota Vikings,WR,Rec Yds,80.5,7,HOME,44.5,-3.0
Oronde Gadsden II,Los Angeles Chargers,Minnesota Vikings,WR,Rec Yds,42.5,7,HOME,44.5,-3.0
Keenan Allen,Los Angeles Chargers,Minnesota Vikings,WR,Rec Yds,49.5,7,HOME,44.5,-3.0
Jalen Nailor,Los Angeles Chargers,Minnesota Vikings,WR,Receptions,1.5,7,HOME,44.5,-3.0
T.J. Hockenson,Los Angeles Chargers,Minnesota Vikings,WR,Receptions,3.5,7,HOME,44.5,-3.0
Justin Jefferson,Los Angeles Chargers,Minnesota Vikings,WR,Receptions,5.5,7,HOME,44.5,-3.0
Ladd McConkey,Los Angeles Chargers,Minnesota Vikings,WR,Receptions,5.5,7,HOME,44.5,-3.0
Keenan Allen,Los Angeles Chargers,Minnesota Vikings,WR,Receptions,5.5,7,HOME,44.5,-3.0
Oronde Gadsden II,Los Angeles Chargers,Minnesota Vikings,WR,Receptions,3.5,7,HOME,44.5,-3.0
Jordan Addison,Los Angeles Chargers,Minnesota Vikings,WR,Receptions,4.5,7,HOME,44.5,-3.0
Quentin Johnston,Los Angeles Chargers,Minnesota Vikings,WR,Receptions,3.5,7,HOME,44.5,-3.0
Carson Wentz,Los Angeles Chargers,Minnesota Vikings,RB,Rush Att,2.5,7,HOME,44.5,-3.0
Justin Herbert,Los Angeles Chargers,Minnesota Vikings,RB,Rush Att,3.5,7,HOME,44.5,-3.0
Carson Wentz,Los Angeles Chargers,Minnesota Vikings,RB,Rush Yds,11.5,7,HOME,44.5,-3.0
Justin Herbert,Los Angeles Chargers,Minnesota Vikings,RB,Rush Yds,16.5,7,HOME,44.5,-3.0
Kimani Vidal,Los Angeles Chargers,Minnesota Vikings,RB,Rush Yds,55.5,7,HOME,44.5,-3.0
Justin Herbert,Los Angeles Chargers,Minnesota Vikings,QB,Pass Att,34.5,7,HOME,44.5,-3.0
Carson Wentz,Los Angeles Chargers,Minnesota Vikings,QB,Pass Att,32.5,7,HOME,44.5,-3.0
Justin Herbert,Los Angeles Chargers,Minnesota Vikings,QB,Pass Comp,23.5,7,HOME,44.5,-3.0
Carson Wentz,Los Angeles Chargers,Minnesota Vikings,QB,Pass Comp,20.5,7,HOME,44.5,-3.0
Justin Herbert,Los Angeles Chargers,Minnesota Vikings,QB,Pass TDs,1.5,7,HOME,44.5,-3.0
Carson Wentz,Los Angeles Chargers,Minnesota Vikings,QB,Pass TDs,1.5,7,HOME,44.5,-3.0
Justin Herbert,Los Angeles Chargers,Minnesota Vikings,QB,Pass Yds,254.5,7,HOME,44.5,-3.0
Carson Wentz,Los Angeles Chargers,Minnesota Vikings,QB,Pass Yds,224.5,7,HOME,44.5,-3.0
Ladd McConkey,Los Angeles Chargers,Minnesota Vikings,WR,Rec Yds,55.5,7,HOME,44.5,-3.0
Justin Jefferson,Los Angeles Chargers,Minnesota Vikings,WR,Rec Yds,80.5,7,HOME,44.5,-3.0
Keenan Allen,Los Angeles Chargers,Minnesota Vikings,WR,Rec Yds,50.5,7,HOME,44.5,-3.0
Jordan Addison,Los Angeles Chargers,Minnesota Vikings,WR,Rec Yds,54.5,7,HOME,44.5,-3.0
Quentin Johnston,Los Angeles Chargers,Minnesota Vikings,WR,Rec Yds,47.5,7,HOME,44.5,-3.0
Oronde Gadsden II,Los Angeles Chargers,Minnesota Vikings,WR,Rec Yds,43.5,7,HOME,44.5,-3.0
T.J. Hockenson,Los Angeles Chargers,Minnesota Vikings,WR,Rec Yds,33.5,7,HOME,44.5,-3.0
Kimani Vidal,Los Angeles Chargers,Minnesota Vikings,WR,Rec Yds,15.5,7,HOME,44.5,-3.0
Justin Jefferson,Los Angeles Chargers,Minnesota Vikings,WR,Receptions,5.5,7,HOME,44.5,-3.0
Quentin Johnston,Los Angeles Chargers,Minnesota Vikings,WR,Receptions,3.5,7,HOME,44.5,-3.0
Jordan Addison,Los Angeles Chargers,Minnesota Vikings,WR,Receptions,4.5,7,HOME,44.5,-3.0
Keenan Allen,Los Angeles Chargers,Minnesota Vikings,WR,Receptions,5.5,7,HOME,44.5,-3.0
Oronde Gadsden II,Los Angeles Chargers,Minnesota Vikings,WR,Receptions,3.5,7,HOME,44.5,-3.0
T.J. Hockenson,Los Angeles Chargers,Minnesota Vikings,WR,Receptions,3.5,7,HOME,44.5,-3.0
Ladd McConkey,Los Angeles Chargers,Minnesota Vikings,WR,Receptions,5.5,7,HOME,44.5,-3.0
Kimani Vidal,Los Angeles Chargers,Minnesota Vikings,WR,Receptions,2.5,7,HOME,44.5,-3.0
Justin Herbert,Los Angeles Chargers,Minnesota Vikings,RB,Rush Yds,17.5,7,HOME,44.5,-3.0
Kimani Vidal,Los Angeles Chargers,Minnesota Vikings,RB,Rush Yds,55.5,7,HOME,44.5,-3.0
Carson Wentz,Los Angeles Chargers,Minnesota Vikings,RB,Rush Yds,12.5,7,HOME,44.5,-3.0
Justin Herbert,Los Angeles Chargers,Minnesota Vikings,QB,Pass Att,35.5,7,HOME,44.5,-3.0
Carson Wentz,Los Angeles Chargers,Minnesota Vikings,QB,Pass Att,32.5,7,HOME,44.5,-3.0
Justin Herbert,Los Angeles Chargers,Minnesota Vikings,QB,Pass Comp,23.5,7,HOME,44.5,-3.0
Carson Wentz,Los Angeles Chargers,Minnesota Vikings,QB,Pass Comp,20.5,7,HOME,44.5,-3.0
Carson Wentz,Los Angeles Chargers,Minnesota Vikings,QB,Pass TDs,1.5,7,HOME,44.5,-3.0
Justin Herbert,Los Angeles Chargers,Minnesota Vikings,QB,Pass TDs,1.5,7,HOME,44.5,-3.0
Justin Herbert,Los Angeles Chargers,Minnesota Vikings,QB,Pass Yds,252.5,7,HOME,44.5,-3.0
Carson Wentz,Los Angeles Chargers,Minnesota Vikings,QB,Pass Yds,220.5,7,HOME,44.5,-3.0
Jordan Addison,Los Angeles Chargers,Minnesota Vikings,WR,Rec Yds,54.5,7,HOME,44.5,-3.0
Oronde Gadsden II,Los Angeles Chargers,Minnesota Vikings,WR,Rec Yds,42.5,7,HOME,44.5,-3.0
Justin Jefferson,Los Angeles Chargers,Minnesota Vikings,WR,Rec Yds,80.5,7,HOME,44.5,-3.0
Keenan Allen,Los Angeles Chargers,Minnesota Vikings,WR,Rec Yds,49.5,7,HOME,44.5,-3.0
T.J. Hockenson,Los Angeles Chargers,Minnesota Vikings,WR,Rec Yds,34.5,7,HOME,44.5,-3.0
Quentin Johnston,Los Angeles Chargers,Minnesota Vikings,WR,Rec Yds,47.5,7,HOME,44.5,-3.0
Ladd McConkey,Los Angeles Chargers,Minnesota Vikings,WR,Rec Yds,54.5,7,HOME,44.5,-3.0
Jordan Addison,Los Angeles Chargers,Minnesota Vikings,WR,Receptions,4.5,7,HOME,44.5,-3.0
T.J. Hockenson,Los Angeles Chargers,Minnesota Vikings,WR,Receptions,3.5,7,HOME,44.5,-3.0
Keenan Allen,Los Angeles Chargers,Minnesota Vikings,WR,Receptions,5.5,7,HOME,44.5,-3.0
Justin Jefferson,Los Angeles Chargers,Minnesota Vikings,WR,Receptions,5.5,7,HOME,44.5,-3.0
Ladd McConkey,Los Angeles Chargers,Minnesota Vikings,WR,Receptions,5.5,7,HOME,44.5,-3.0
Oronde Gadsden II,Los Angeles Chargers,Minnesota Vikings,WR,Receptions,3.5,7,HOME,44.5,-3.0
Quentin Johnston,Los Angeles Chargers,Minnesota Vikings,WR,Receptions,3.5,7,HOME,44.5,-3.0
Justin Herbert,Los Angeles Chargers,Minnesota Vikings,RB,Rush Att,3.5,7,HOME,44.5,-3.0
Carson Wentz,Los Angeles Chargers,Minnesota Vikings,RB,Rush Att,2.5,7,HOME,44.5,-3.0
Kimani Vidal,Los Angeles Chargers,Minnesota Vikings,RB,Rush Yds,54.5,7,HOME,44.5,-3.0
Justin Herbert,Los Angeles Chargers,Minnesota Vikings,RB,Rush Yds,16.5,7,HOME,44.5,-3.0
Carson Wentz,Los Angeles Chargers,Minnesota Vikings,RB,Rush Yds,11.5,7,HOME,44.5,-3.0
Carson Wentz,Los Angeles Chargers,Minnesota Vikings,QB,Pass Att,32.5,7,HOME,44.5,-3.0
Justin Herbert,Los Angeles Chargers,Minnesota Vikings,QB,Pass Att,35.5,7,HOME,44.5,-3.0
Justin Herbert,Los Angeles Chargers,Minnesota Vikings,QB,Pass Comp,23.5,7,HOME,44.5,-3.0
Carson Wentz,Los Angeles Chargers,Minnesota Vikings,QB,Pass Comp,20.5,7,HOME,44.5,-3.0
Carson Wentz,Los Angeles Chargers,Minnesota Vikings,QB,Pass TDs,1.5,7,HOME,44.5,-3.0
Justin Herbert,Los Angeles Chargers,Minnesota Vikings,QB,Pass TDs,1.5,7,HOME,44.5,-3.0
Justin Herbert,Los Angeles Chargers,Minnesota Vikings,QB,Pass Yds,255.5,7,HOME,44.5,-3.0
Carson Wentz,Los Angeles Chargers,Minnesota Vikings,QB,Pass Yds,230.5,7,HOME,44.5,-3.0
Ladd McConkey,Los Angeles Chargers,Minnesota Vikings,WR,Rec Yds,55.5,7,HOME,44.5,-3.0
Keenan Allen,Los Angeles Chargers,Minnesota Vikings,WR,Rec Yds,50.5,7,HOME,44.5,-3.0
Justin Jefferson,Los Angeles Chargers,Minnesota Vikings,WR,Rec Yds,80.5,7,HOME,44.5,-3.0
Quentin Johnston,Los Angeles Chargers,Minnesota Vikings,WR,Rec Yds,45.5,7,HOME,44.5,-3.0
Jordan Addison,Los Angeles Chargers,Minnesota Vikings,WR,Rec Yds,50.5,7,HOME,44.5,-3.0
Oronde Gadsden II,Los Angeles Chargers,Minnesota Vikings,WR,Rec Yds,40.5,7,HOME,44.5,-3.0
Kimani Vidal,Los Angeles Chargers,Minnesota Vikings,WR,Rec Yds,15.5,7,HOME,44.5,-3.0
T.J. Hockenson,Los Angeles Chargers,Minnesota Vikings,WR,Rec Yds,30.5,7,HOME,44.5,-3.0
Quentin Johnston,Los Angeles Chargers,Minnesota Vikings,WR,Receptions,3.5,7,HOME,44.5,-3.0
Jordan Addison,Los Angeles Chargers,Minnesota Vikings,WR,Receptions,4.5,7,HOME,44.5,-3.0
Oronde Gadsden II,Los Angeles Chargers,Minnesota Vikings,WR,Receptions,4.5,7,HOME,44.5,-3.0
Justin Jefferson,Los Angeles Chargers,Minnesota Vikings,WR,Receptions,5.5,7,HOME,44.5,-3.0
T.J. Hockenson,Los Angeles Chargers,Minnesota Vikings,WR,Receptions,4.5,7,HOME,44.5,-3.0
Ladd McConkey,Los Angeles Chargers,Minnesota Vikings,WR,Receptions,5.5,7,HOME,44.5,-3.0
Keenan Allen,Los Angeles Chargers,Minnesota Vikings,WR,Receptions,5.5,7,HOME,44.5,-3.0
Justin Herbert,Los Angeles Chargers,Minnesota Vikings,RB,Rush Att,3.5,7,HOME,44.5,-3.0
Carson Wentz,Los Angeles Chargers,Minnesota Vikings,RB,Rush Att,2.5,7,HOME,44.5,-3.0
Carson Wentz,Los Angeles Chargers,Minnesota Vikings,RB,Rush Yds,10.5,7,HOME,44.5,-3.0
Justin Herbert,Los Angeles Chargers,Minnesota Vikings,RB,Rush Yds,15.5,7,HOME,44.5,-3.0
Kimani Vidal,Los Angeles Chargers,Minnesota Vikings,RB,Rush Yds,55.5,7,HOME,44.5,-3.0
Justin Herbert,Los Angeles Chargers,Minnesota Vikings,QB,Pass Att,34.5,7,HOME,44.5,-3.0
Carson Wentz,Los Angeles Chargers,Minnesota Vikings,QB,Pass Att,31.5,7,HOME,44.5,-3.0
Carson Wentz,Los Angeles Chargers,Minnesota Vikings,QB,Pass Comp,20.5,7,HOME,44.5,-3.0
Justin Herbert,Los Angeles Chargers,Minnesota Vikings,QB,Pass Comp,24.5,7,HOME,44.5,-3.0
Carson Wentz,Los Angeles Chargers,Minnesota Vikings,QB,Pass TDs,1.5,7,HOME,44.5,-3.0
Justin Herbert,Los Angeles Chargers,Minnesota Vikings,QB,Pass TDs,1.5,7,HOME,44.5,-3.0
Carson Wentz,Los Angeles Chargers,Minnesota Vikings,QB,Pass Yds,228.5,7,HOME,44.5,-3.0
Justin Herbert,Los Angeles Chargers,Minnesota Vikings,QB,Pass Yds,256.5,7,HOME,44.5,-3.0
Keenan Allen,Los Angeles Chargers,Minnesota Vikings,WR,Rec Yds,52.5,7,HOME,44.5,-3.0
Jordan Addison,Los Angeles Chargers,Minnesota Vikings,WR,Rec Yds,52.5,7,HOME,44.5,-3.0
Quentin Johnston,Los Angeles Chargers,Minnesota Vikings,WR,Rec Yds,46.5,7,HOME,44.5,-3.0
Ladd McConkey,Los Angeles Chargers,Minnesota Vikings,WR,Rec Yds,56.5,7,HOME,44.5,-3.0
Justin Jefferson,Los Angeles Chargers,Minnesota Vikings,WR,Rec Yds,79.5,7,HOME,44.5,-3.0
T.J. Hockenson,Los Angeles Chargers,Minnesota Vikings,WR,Rec Yds,33.5,7,HOME,44.5,-3.0
Oronde Gadsden II,Los Angeles Chargers,Minnesota Vikings,WR,Rec Yds,42.5,7,HOME,44.5,-3.0
Kimani Vidal,Los Angeles Chargers,Minnesota Vikings,WR,Rec Yds,16.5,7,HOME,44.5,-3.0
Oronde Gadsden II,Los Angeles Chargers,Minnesota Vikings,WR,Receptions,3.5,7,HOME,44.5,-3.0
Jordan Addison,Los Angeles Chargers,Minnesota Vikings,WR,Receptions,4.5,7,HOME,44.5,-3.0
Ladd McConkey,Los Angeles Chargers,Minnesota Vikings,WR,Receptions,5.5,7,HOME,44.5,-3.0
Keenan Allen,Los Angeles Chargers,Minnesota Vikings,WR,Receptions,5.5,7,HOME,44.5,-3.0
Justin Jefferson,Los Angeles Chargers,Minnesota Vikings,WR,Receptions,5.5,7,HOME,44.5,-3.0
T.J. Hockenson,Los Angeles Chargers,Minnesota Vikings,WR,Receptions,3.5,7,HOME,44.5,-3.0
Quentin Johnston,Los Angeles Chargers,Minnesota Vikings,WR,Receptions,3.5,7,HOME,44.5,-3.0
Kimani Vidal,Los Angeles Chargers,Minnesota Vikings,WR,Receptions,2.5,7,HOME,44.5,-3.0
Justin Herbert,Los Angeles Chargers,Minnesota Vikings,RB,Rush Att,3.5,7,HOME,44.5,-3.0
Carson Wentz,Los Angeles Chargers,Minnesota Vikings,RB,Rush Att,3.5,7,HOME,44.5,-3.0
Justin Herbert,Los Angeles Chargers,Minnesota Vikings,RB,Rush Yds,16.5,7,HOME,44.5,-3.0
Kimani Vidal,Los Angeles Chargers,Minnesota Vikings,RB,Rush Yds,55.5,7,HOME,44.5,-3.0
Carson Wentz,Los Angeles Chargers,Minnesota Vikings,RB,Rush Yds,11.5,7,HOME,44.5,-3.0
Jordan Mason,Los Angeles Chargers,Minnesota Vikings,RB,Rush Yds,54.5,7,HOME,44.5,-3.0
Justin Herbert,Los Angeles Chargers,Minnesota Vikings,QB,Pass Att,34.5,7,HOME,44.5,-3.0
Justin Herbert,Los Angeles Chargers,Minnesota Vikings,QB,Pass Comp,23.5,7,HOME,44.5,-3.0
Justin Herbert,Los Angeles Chargers,Minnesota Vikings,QB,Pass TDs,1.5,7,HOME,44.5,-3.0
Justin Herbert,Los Angeles Chargers,Minnesota Vikings,QB,Pass Yds,255.5,7,HOME,44.5,-3.0
Jordan Addison,Los Angeles Chargers,Minnesota Vikings,WR,Rec Yds,54.5,7,HOME,44.5,-3.0
Justin Jefferson,Los Angeles Chargers,Minnesota Vikings,WR,Rec Yds,80.5,7,HOME,44.5,-3.0
Keenan Allen,Los Angeles Chargers,Minnesota Vikings,WR,Rec Yds,49.5,7,HOME,44.5,-3.0
Ladd McConkey,Los Angeles Chargers,Minnesota Vikings,WR,Rec Yds,55.5,7,HOME,44.5,-3.0
Oronde Gadsden II,Los Angeles Chargers,Minnesota Vikings,WR,Rec Yds,42.5,7,HOME,44.5,-3.0
Quentin Johnston,Los Angeles Chargers,Minnesota Vikings,WR,Rec Yds,47.5,7,HOME,44.5,-3.0
T.J. Hockenson,Los Angeles Chargers,Minnesota Vikings,WR,Rec Yds,33.5,7,HOME,44.5,-3.0
Jordan Addison,Los Angeles Chargers,Minnesota Vikings,WR,Receptions,4.5,7,HOME,44.5,-3.0
Justin Jefferson,Los Angeles Chargers,Minnesota Vikings,WR,Receptions,5.5,7,HOME,44.5,-3.0
Keenan Allen,Los Angeles Chargers,Minnesota Vikings,WR,Receptions,5.5,7,HOME,44.5,-3.0
Ladd McConkey,Los Angeles Chargers,Minnesota Vikings,WR,Receptions,5.5,7,HOME,44.5,-3.0
Oronde Gadsden II,Los Angeles Chargers,Minnesota Vikings,WR,Receptions,3.5,7,HOME,44.5,-3.0
Quentin Johnston,Los Angeles Chargers,Minnesota Vikings,WR,Receptions,3.5,7,HOME,44.5,-3.0
T.J. Hockenson,Los Angeles Chargers,Minnesota Vikings,WR,Receptions,3.5,7,HOME,44.5,-3.0
Tua Tagovailoa,Atlanta Falcons,Miami Dolphins,QB,Pass Att,31.5,7,HOME,44.5,-7.5
Michael Penix Jr.,Atlanta Falcons,Miami Dolphins,QB,Pass Att,29.5,7,HOME,44.5,-7.5
Tua Tagovailoa,Atlanta Falcons,Miami Dolphins,QB,Pass Comp,20.5,7,HOME,44.5,-7.5
Michael Penix Jr.,Atlanta Falcons,Miami Dolphins,QB,Pass Comp,18.5,7,HOME,44.5,-7.5
Michael Penix Jr.,Atlanta Falcons,Miami Dolphins,QB,Pass TDs,1.5,7,HOME,44.5,-7.5
Tua Tagovailoa,Atlanta Falcons,Miami Dolphins,QB,Pass TDs,1.5,7,HOME,44.5,-7.5
Michael Penix Jr.,Atlanta Falcons,Miami Dolphins,QB,Pass Yds,218.5,7,HOME,44.5,-7.5
Tua Tagovailoa,Atlanta Falcons,Miami Dolphins,QB,Pass Yds,199.5,7,HOME,44.5,-7.5
Drake London,Atlanta Falcons,Miami Dolphins,WR,Rec Yds,62.5,7,HOME,44.5,-7.5
Jaylen Waddle,Atlanta Falcons,Miami Dolphins,WR,Rec Yds,60.5,7,HOME,44.5,-7.5
Kyle Pitts,Atlanta Falcons,Miami Dolphins,WR,Rec Yds,44.5,7,HOME,44.5,-7.5
Drake London,Atlanta Falcons,Miami Dolphins,WR,Receptions,5.5,7,HOME,44.5,-7.5
Jaylen Waddle,Atlanta Falcons,Miami Dolphins,WR,Receptions,5.5,7,HOME,44.5,-7.5
Kyle Pitts,Atlanta Falcons,Miami Dolphins,WR,Receptions,4.5,7,HOME,44.5,-7.5
Bijan Robinson,Atlanta Falcons,Miami Dolphins,RB,Rush Att,17.5,7,HOME,44.5,-7.5
De'Von Achane,Atlanta Falcons,Miami Dolphins,RB,Rush Att,13.5,7,HOME,44.5,-7.5
Bijan Robinson,Atlanta Falcons,Miami Dolphins,RB,Rush Yds,90.5,7,HOME,44.5,-7.5
De'Von Achane,Atlanta Falcons,Miami Dolphins,RB,Rush Yds,61.5,7,HOME,44.5,-7.5
Tyler Allgeier,Atlanta Falcons,Miami Dolphins,RB,Rush Yds,43.5,7,HOME,44.5,-7.5
Tua Tagovailoa,Atlanta Falcons,Miami Dolphins,QB,Pass TDs,1.5,7,HOME,44.5,-7.5
Michael Penix Jr.,Atlanta Falcons,Miami Dolphins,QB,Pass TDs,1.5,7,HOME,44.5,-7.5
Tua Tagovailoa,Atlanta Falcons,Miami Dolphins,QB,Pass Yds,200.5,7,HOME,44.5,-7.5
Michael Penix Jr.,Atlanta Falcons,Miami Dolphins,QB,Pass Yds,216.5,7,HOME,44.5,-7.5
Kyle Pitts,Atlanta Falcons,Miami Dolphins,WR,Rec Yds,44.5,7,HOME,44.5,-7.5
Drake London,Atlanta Falcons,Miami Dolphins,WR,Rec Yds,63.5,7,HOME,44.5,-7.5
Jaylen Waddle,Atlanta Falcons,Miami Dolphins,WR,Rec Yds,61.5,7,HOME,44.5,-7.5
Drake London,Atlanta Falcons,Miami Dolphins,WR,Receptions,5.5,7,HOME,44.5,-7.5
Jaylen Waddle,Atlanta Falcons,Miami Dolphins,WR,Receptions,5.5,7,HOME,44.5,-7.5
Kyle Pitts,Atlanta Falcons,Miami Dolphins,WR,Receptions,4.5,7,HOME,44.5,-7.5
De'Von Achane,Atlanta Falcons,Miami Dolphins,RB,Rush Yds,62.5,7,HOME,44.5,-7.5
Bijan Robinson,Atlanta Falcons,Miami Dolphins,RB,Rush Yds,91.5,7,HOME,44.5,-7.5
Tyler Allgeier,Atlanta Falcons,Miami Dolphins,RB,Rush Yds,41.5,7,HOME,44.5,-7.5
Tua Tagovailoa,Atlanta Falcons,Miami Dolphins,QB,Pass Att,31.5,7,HOME,44.5,-7.5
Michael Penix Jr.,Atlanta Falcons,Miami Dolphins,QB,Pass Att,29.5,7,HOME,44.5,-7.5
Michael Penix Jr.,Atlanta Falcons,Miami Dolphins,QB,Pass Comp,18.5,7,HOME,44.5,-7.5
Tua Tagovailoa,Atlanta Falcons,Miami Dolphins,QB,Pass Comp,21.5,7,HOME,44.5,-7.5
Michael Penix Jr.,Atlanta Falcons,Miami Dolphins,QB,Pass TDs,1.5,7,HOME,44.5,-7.5
Tua Tagovailoa,Atlanta Falcons,Miami Dolphins,QB,Pass TDs,1.5,7,HOME,44.5,-7.5
Tua Tagovailoa,Atlanta Falcons,Miami Dolphins,QB,Pass Yds,198.5,7,HOME,44.5,-7.5
Michael Penix Jr.,Atlanta Falcons,Miami Dolphins,QB,Pass Yds,216.5,7,HOME,44.5,-7.5
Jaylen Waddle,Atlanta Falcons,Miami Dolphins,WR,Rec Yds,61.5,7,HOME,44.5,-7.5
Drake London,Atlanta Falcons,Miami Dolphins,WR,Rec Yds,63.5,7,HOME,44.5,-7.5
Kyle Pitts,Atlanta Falcons,Miami Dolphins,WR,Rec Yds,43.5,7,HOME,44.5,-7.5
Kyle Pitts,Atlanta Falcons,Miami Dolphins,WR,Receptions,4.5,7,HOME,44.5,-7.5
Jaylen Waddle,Atlanta Falcons,Miami Dolphins,WR,Receptions,4.5,7,HOME,44.5,-7.5
Drake London,Atlanta Falcons,Miami Dolphins,WR,Receptions,5.5,7,HOME,44.5,-7.5
De'Von Achane,Atlanta Falcons,Miami Dolphins,RB,Rush Att,13.5,7,HOME,44.5,-7.5
Bijan Robinson,Atlanta Falcons,Miami Dolphins,RB,Rush Att,17.5,7,HOME,44.5,-7.5
De'Von Achane,Atlanta Falcons,Miami Dolphins,RB,Rush Yds,60.5,7,HOME,44.5,-7.5
Tyler Allgeier,Atlanta Falcons,Miami Dolphins,RB,Rush Yds,39.5,7,HOME,44.5,-7.5
Bijan Robinson,Atlanta Falcons,Miami Dolphins,RB,Rush Yds,88.5,7,HOME,44.5,-7.5
Tua Tagovailoa,Atlanta Falcons,Miami Dolphins,QB,Pass Att,31.5,7,HOME,44.5,-7.5
Michael Penix Jr.,Atlanta Falcons,Miami Dolphins,QB,Pass Att,29.5,7,HOME,44.5,-7.5
Michael Penix Jr.,Atlanta Falcons,Miami Dolphins,QB,Pass Comp,18.5,7,HOME,44.5,-7.5
Tua Tagovailoa,Atlanta Falcons,Miami Dolphins,QB,Pass Comp,20.5,7,HOME,44.5,-7.5
Tua Tagovailoa,Atlanta Falcons,Miami Dolphins,QB,Pass TDs,1.5,7,HOME,44.5,-7.5
Michael Penix Jr.,Atlanta Falcons,Miami Dolphins,QB,Pass TDs,1.5,7,HOME,44.5,-7.5
Michael Penix Jr.,Atlanta Falcons,Miami Dolphins,QB,Pass Yds,216.5,7,HOME,44.5,-7.5
Tua Tagovailoa,Atlanta Falcons,Miami Dolphins,QB,Pass Yds,199.5,7,HOME,44.5,-7.5
Kyle Pitts,Atlanta Falcons,Miami Dolphins,WR,Rec Yds,44.5,7,HOME,44.5,-7.5
Drake London,Atlanta Falcons,Miami Dolphins,WR,Rec Yds,64.5,7,HOME,44.5,-7.5
Jaylen Waddle,Atlanta Falcons,Miami Dolphins,WR,Rec Yds,60.5,7,HOME,44.5,-7.5
Drake London,Atlanta Falcons,Miami Dolphins,WR,Receptions,5.5,7,HOME,44.5,-7.5
Kyle Pitts,Atlanta Falcons,Miami Dolphins,WR,Receptions,4.5,7,HOME,44.5,-7.5
Jaylen Waddle,Atlanta Falcons,Miami Dolphins,WR,Receptions,5.5,7,HOME,44.5,-7.5
De'Von Achane,Atlanta Falcons,Miami Dolphins,RB,Rush Att,13.5,7,HOME,44.5,-7.5
Bijan Robinson,Atlanta Falcons,Miami Dolphins,RB,Rush Att,17.5,7,HOME,44.5,-7.5
De'Von Achane,Atlanta Falcons,Miami Dolphins,RB,Rush Yds,61.5,7,HOME,44.5,-7.5
Bijan Robinson,Atlanta Falcons,Miami Dolphins,RB,Rush Yds,89.5,7,HOME,44.5,-7.5
Tyler Allgeier,Atlanta Falcons,Miami Dolphins,RB,Rush Yds,43.5,7,HOME,44.5,-7.5
Tua Tagovailoa,Atlanta Falcons,Miami Dolphins,QB,Pass Att,31.5,7,HOME,44.5,-7.5
Michael Penix Jr.,Atlanta Falcons,Miami Dolphins,QB,Pass Att,29.5,7,HOME,44.5,-7.5
Tua Tagovailoa,Atlanta Falcons,Miami Dolphins,QB,Pass Comp,21.5,7,HOME,44.5,-7.5
Michael Penix Jr.,Atlanta Falcons,Miami Dolphins,QB,Pass Comp,18.5,7,HOME,44.5,-7.5
Tua Tagovailoa,Atlanta Falcons,Miami Dolphins,QB,Pass TDs,1.5,7,HOME,44.5,-7.5
Michael Penix Jr.,Atlanta Falcons,Miami Dolphins,QB,Pass TDs,1.5,7,HOME,44.5,-7.5
Michael Penix Jr.,Atlanta Falcons,Miami Dolphins,QB,Pass Yds,220.5,7,HOME,44.5,-7.5
Tua Tagovailoa,Atlanta Falcons,Miami Dolphins,QB,Pass Yds,196.5,7,HOME,44.5,-7.5
Jaylen Waddle,Atlanta Falcons,Miami Dolphins,WR,Rec Yds,61.5,7,HOME,44.5,-7.5
Drake London,Atlanta Falcons,Miami Dolphins,WR,Rec Yds,62.5,7,HOME,44.5,-7.5
Kyle Pitts,Atlanta Falcons,Miami Dolphins,WR,Rec Yds,43.5,7,HOME,44.5,-7.5
Jaylen Waddle,Atlanta Falcons,Miami Dolphins,WR,Receptions,5.5,7,HOME,44.5,-7.5
Drake London,Atlanta Falcons,Miami Dolphins,WR,Receptions,5.5,7,HOME,44.5,-7.5
Kyle Pitts,Atlanta Falcons,Miami Dolphins,WR,Receptions,4.5,7,HOME,44.5,-7.5
Bijan Robinson,Atlanta Falcons,Miami Dolphins,RB,Rush Att,17.5,7,HOME,44.5,-7.5
De'Von Achane,Atlanta Falcons,Miami Dolphins,RB,Rush Att,13.5,7,HOME,44.5,-7.5
Bijan Robinson,Atlanta Falcons,Miami Dolphins,RB,Rush Yds,89.5,7,HOME,44.5,-7.5
Tyler Allgeier,Atlanta Falcons,Miami Dolphins,RB,Rush Yds,40.5,7,HOME,44.5,-7.5
De'Von Achane,Atlanta Falcons,Miami Dolphins,RB,Rush Yds,60.5,7,HOME,44.5,-7.5
Michael Penix Jr.,Atlanta Falcons,Miami Dolphins,QB,Pass Yds,215.5,7,HOME,44.5,-7.5
Tua Tagovailoa,Atlanta Falcons,Miami Dolphins,QB,Pass Yds,195.5,7,HOME,44.5,-7.5
Jaylen Waddle,Atlanta Falcons,Miami Dolphins,WR,Rec Yds,60.5,7,HOME,44.5,-7.5
Kyle Pitts,Atlanta Falcons,Miami Dolphins,WR,Rec Yds,45.5,7,HOME,44.5,-7.5
Drake London,Atlanta Falcons,Miami Dolphins,WR,Rec Yds,60.5,7,HOME,44.5,-7.5
De'Von Achane,Atlanta Falcons,Miami Dolphins,WR,Rec Yds,30.5,7,HOME,44.5,-7.5
Malik Washington,Atlanta Falcons,Miami Dolphins,WR,Rec Yds,20.5,7,HOME,44.5,-7.5
De'Von Achane,Atlanta Falcons,Miami Dolphins,RB,Rush Yds,60.5,7,HOME,44.5,-7.5
Tyler Allgeier,Atlanta Falcons,Miami Dolphins,RB,Rush Yds,40.5,7,HOME,44.5,-7.5
Bijan Robinson,Atlanta Falcons,Miami Dolphins,RB,Rush Yds,90.5,7,HOME,44.5,-7.5
Ollie Gordon II,Atlanta Falcons,Miami Dolphins,RB,Rush Yds,15.5,7,HOME,44.5,-7.5
Tua Tagovailoa,Atlanta Falcons,Miami Dolphins,QB,Pass Att,31.5,7,HOME,44.5,-7.5
Michael Penix Jr.,Atlanta Falcons,Miami Dolphins,QB,Pass Att,29.5,7,HOME,44.5,-7.5
Michael Penix Jr.,Atlanta Falcons,Miami Dolphins,QB,Pass Comp,19.5,7,HOME,44.5,-7.5
Tua Tagovailoa,Atlanta Falcons,Miami Dolphins,QB,Pass Comp,20.5,7,HOME,44.5,-7.5
Michael Penix Jr.,Atlanta Falcons,Miami Dolphins,QB,Pass TDs,1.5,7,HOME,44.5,-7.5
Tua Tagovailoa,Atlanta Falcons,Miami Dolphins,QB,Pass TDs,1.5,7,HOME,44.5,-7.5
Michael Penix Jr.,Atlanta Falcons,Miami Dolphins,QB,Pass Yds,216.5,7,HOME,44.5,-7.5
Tua Tagovailoa,Atlanta Falcons,Miami Dolphins,QB,Pass Yds,203.5,7,HOME,44.5,-7.5
Jaylen Waddle,Atlanta Falcons,Miami Dolphins,WR,Rec Yds,60.5,7,HOME,44.5,-7.5
Malik Washington,Atlanta Falcons,Miami Dolphins,WR,Rec Yds,22.5,7,HOME,44.5,-7.5
Kyle Pitts,Atlanta Falcons,Miami Dolphins,WR,Rec Yds,44.5,7,HOME,44.5,-7.5
Drake London,Atlanta Falcons,Miami Dolphins,WR,Rec Yds,64.5,7,HOME,44.5,-7.5
De'Von Achane,Atlanta Falcons,Miami Dolphins,WR,Rec Yds,30.5,7,HOME,44.5,-7.5
Jaylen Waddle,Atlanta Falcons,Miami Dolphins,WR,Receptions,4.5,7,HOME,44.5,-7.5
Drake London,Atlanta Falcons,Miami Dolphins,WR,Receptions,5.5,7,HOME,44.5,-7.5
Kyle Pitts,Atlanta Falcons,Miami Dolphins,WR,Receptions,4.5,7,HOME,44.5,-7.5
De'Von Achane,Atlanta Falcons,Miami Dolphins,WR,Receptions,4.5,7,HOME,44.5,-7.5
De'Von Achane,Atlanta Falcons,Miami Dolphins,RB,Rush Att,14.5,7,HOME,44.5,-7.5
Michael Penix Jr.,Atlanta Falcons,Miami Dolphins,RB,Rush Att,1.5,7,HOME,44.5,-7.5
Bijan Robinson,Atlanta Falcons,Miami Dolphins,RB,Rush Att,18.5,7,HOME,44.5,-7.5
De'Von Achane,Atlanta Falcons,Miami Dolphins,RB,Rush Yds,63.5,7,HOME,44.5,-7.5
Bijan Robinson,Atlanta Falcons,Miami Dolphins,RB,Rush Yds,94.5,7,HOME,44.5,-7.5
Tyler Allgeier,Atlanta Falcons,Miami Dolphins,RB,Rush Yds,43.5,7,HOME,44.5,-7.5
Caleb Williams,Baltimore Ravens,Chicago Bears,QB,Pass Att,32.5,7,HOME,49.5,-6.5
Caleb Williams,Baltimore Ravens,Chicago Bears,QB,Pass Comp,20.5,7,HOME,49.5,-6.5
Caleb Williams,Baltimore Ravens,Chicago Bears,QB,Pass TDs,1.5,7,HOME,49.5,-6.5
Caleb Williams,Baltimore Ravens,Chicago Bears,QB,Pass Yds,221.5,7,HOME,49.5,-6.5
DJ Moore,Baltimore Ravens,Chicago Bears,WR,Rec Yds,42.5,7,HOME,49.5,-6.5
Zay Flowers,Baltimore Ravens,Chicago Bears,WR,Rec Yds,62.5,7,HOME,49.5,-6.5
Olamide Zaccheaus,Baltimore Ravens,Chicago Bears,WR,Rec Yds,23.5,7,HOME,49.5,-6.5
Rome Odunze,Baltimore Ravens,Chicago Bears,WR,Rec Yds,56.5,7,HOME,49.5,-6.5
D'Andre Swift,Baltimore Ravens,Chicago Bears,WR,Rec Yds,17.5,7,HOME,49.5,-6.5
DJ Moore,Baltimore Ravens,Chicago Bears,WR,Receptions,4.5,7,HOME,49.5,-6.5
Olamide Zaccheaus,Baltimore Ravens,Chicago Bears,WR,Receptions,2.5,7,HOME,49.5,-6.5
Rome Odunze,Baltimore Ravens,Chicago Bears,WR,Receptions,4.5,7,HOME,49.5,-6.5
D'Andre Swift,Baltimore Ravens,Chicago Bears,WR,Receptions,2.5,7,HOME,49.5,-6.5
D'Andre Swift,Baltimore Ravens,Chicago Bears,RB,Rush Att,14.5,7,HOME,49.5,-6.5
Caleb Williams,Baltimore Ravens,Chicago Bears,RB,Rush Yds,15.5,7,HOME,49.5,-6.5
D'Andre Swift,Baltimore Ravens,Chicago Bears,RB,Rush Yds,58.5,7,HOME,49.5,-6.5
Josh Allen,Carolina Panthers,Buffalo Bills,QB,Pass TDs,1.5,7,HOME,46.5,-7.0
Josh Allen,Carolina Panthers,Buffalo Bills,QB,Pass Yds,227.5,7,HOME,46.5,-7.0
James Cook,Carolina Panthers,Buffalo Bills,RB,Rush Att,16.5,7,HOME,46.5,-7.0
James Cook,Carolina Panthers,Buffalo Bills,RB,Rush Yds,71.5,7,HOME,46.5,-7.0
Josh Allen,Carolina Panthers,Buffalo Bills,QB,Pass TDs,1.5,7,HOME,46.5,-7.0
Josh Allen,Carolina Panthers,Buffalo Bills,QB,Pass Yds,225.5,7,HOME,46.5,-7.0
Keon Coleman,Carolina Panthers,Buffalo Bills,WR,Rec Yds,43.5,7,HOME,46.5,-7.0
Khalil Shakir,Carolina Panthers,Buffalo Bills,WR,Rec Yds,48.5,7,HOME,46.5,-7.0
Tetairoa McMillan,Carolina Panthers,Buffalo Bills,WR,Rec Yds,55.5,7,HOME,46.5,-7.0
Xavier Legette,Carolina Panthers,Buffalo Bills,WR,Rec Yds,33.5,7,HOME,46.5,-7.0
Tetairoa McMillan,Carolina Panthers,Buffalo Bills,WR,Receptions,4.5,7,HOME,46.5,-7.0
Khalil Shakir,Carolina Panthers,Buffalo Bills,WR,Receptions,4.5,7,HOME,46.5,-7.0
Xavier Legette,Carolina Panthers,Buffalo Bills,WR,Receptions,3.5,7,HOME,46.5,-7.0
Keon Coleman,Carolina Panthers,Buffalo Bills,WR,Receptions,3.5,7,HOME,46.5,-7.0
Rico Dowdle,Carolina Panthers,Buffalo Bills,RB,Rush Yds,49.5,7,HOME,46.5,-7.0
James Cook,Carolina Panthers,Buffalo Bills,RB,Rush Yds,72.5,7,HOME,46.5,-7.0
Chuba Hubbard,Carolina Panthers,Buffalo Bills,RB,Rush Yds,46.5,7,HOME,46.5,-7.0
Josh Allen,Carolina Panthers,Buffalo Bills,RB,Rush Yds,31.5,7,HOME,46.5,-7.0
Josh Allen,Carolina Panthers,Buffalo Bills,QB,Pass Att,30.5,7,HOME,46.5,-7.0
Josh Allen,Carolina Panthers,Buffalo Bills,QB,Pass Comp,20.5,7,HOME,46.5,-7.0
Josh Allen,Carolina Panthers,Buffalo Bills,QB,Pass TDs,1.5,7,HOME,46.5,-7.0
Josh Allen,Carolina Panthers,Buffalo Bills,QB,Pass Yds,223.5,7,HOME,46.5,-7.0
Keon Coleman,Carolina Panthers,Buffalo Bills,WR,Rec Yds,43.5,7,HOME,46.5,-7.0
Xavier Legette,Carolina Panthers,Buffalo Bills,WR,Rec Yds,32.5,7,HOME,46.5,-7.0
Tetairoa McMillan,Carolina Panthers,Buffalo Bills,WR,Rec Yds,55.5,7,HOME,46.5,-7.0
Khalil Shakir,Carolina Panthers,Buffalo Bills,WR,Rec Yds,48.5,7,HOME,46.5,-7.0
Khalil Shakir,Carolina Panthers,Buffalo Bills,WR,Receptions,4.5,7,HOME,46.5,-7.0
Xavier Legette,Carolina Panthers,Buffalo Bills,WR,Receptions,3.5,7,HOME,46.5,-7.0
Tetairoa McMillan,Carolina Panthers,Buffalo Bills,WR,Receptions,4.5,7,HOME,46.5,-7.0
Keon Coleman,Carolina Panthers,Buffalo Bills,WR,Receptions,3.5,7,HOME,46.5,-7.0
James Cook,Carolina Panthers,Buffalo Bills,RB,Rush Att,16.5,7,HOME,46.5,-7.0
Josh Allen,Carolina Panthers,Buffalo Bills,RB,Rush Att,7.5,7,HOME,46.5,-7.0
Rico Dowdle,Carolina Panthers,Buffalo Bills,RB,Rush Att,11.5,7,HOME,46.5,-7.0
Chuba Hubbard,Carolina Panthers,Buffalo Bills,RB,Rush Att,11.5,7,HOME,46.5,-7.0
Josh Allen,Carolina Panthers,Buffalo Bills,RB,Rush Yds,31.5,7,HOME,46.5,-7.0
James Cook,Carolina Panthers,Buffalo Bills,RB,Rush Yds,71.5,7,HOME,46.5,-7.0
Chuba Hubbard,Carolina Panthers,Buffalo Bills,RB,Rush Yds,47.5,7,HOME,46.5,-7.0
Rico Dowdle,Carolina Panthers,Buffalo Bills,RB,Rush Yds,49.5,7,HOME,46.5,-7.0
Andy Dalton,Carolina Panthers,Buffalo Bills,QB,Pass Att,32.5,7,HOME,46.5,-7.0
Josh Allen,Carolina Panthers,Buffalo Bills,QB,Pass Att,29.5,7,HOME,46.5,-7.0
Josh Allen,Carolina Panthers,Buffalo Bills,QB,Pass Comp,20.5,7,HOME,46.5,-7.0
Josh Allen,Carolina Panthers,Buffalo Bills,QB,Pass TDs,1.5,7,HOME,46.5,-7.0
Andy Dalton,Carolina Panthers,Buffalo Bills,QB,Pass TDs,1.5,7,HOME,46.5,-7.0
Andy Dalton,Carolina Panthers,Buffalo Bills,QB,Pass Yds,215.5,7,HOME,46.5,-7.0
Josh Allen,Carolina Panthers,Buffalo Bills,QB,Pass Yds,227.5,7,HOME,46.5,-7.0
Khalil Shakir,Carolina Panthers,Buffalo Bills,WR,Rec Yds,48.5,7,HOME,46.5,-7.0
Xavier Legette,Carolina Panthers,Buffalo Bills,WR,Rec Yds,32.5,7,HOME,46.5,-7.0
Keon Coleman,Carolina Panthers,Buffalo Bills,WR,Rec Yds,43.5,7,HOME,46.5,-7.0
Tetairoa McMillan,Carolina Panthers,Buffalo Bills,WR,Rec Yds,55.5,7,HOME,46.5,-7.0
Khalil Shakir,Carolina Panthers,Buffalo Bills,WR,Receptions,4.5,7,HOME,46.5,-7.0
Keon Coleman,Carolina Panthers,Buffalo Bills,WR,Receptions,3.5,7,HOME,46.5,-7.0
Xavier Legette,Carolina Panthers,Buffalo Bills,WR,Receptions,3.5,7,HOME,46.5,-7.0
Tetairoa McMillan,Carolina Panthers,Buffalo Bills,WR,Receptions,4.5,7,HOME,46.5,-7.0
James Cook,Carolina Panthers,Buffalo Bills,RB,Rush Att,16.5,7,HOME,46.5,-7.0
Rico Dowdle,Carolina Panthers,Buffalo Bills,RB,Rush Att,11.5,7,HOME,46.5,-7.0
Chuba Hubbard,Carolina Panthers,Buffalo Bills,RB,Rush Yds,47.5,7,HOME,46.5,-7.0
Josh Allen,Carolina Panthers,Buffalo Bills,RB,Rush Yds,31.5,7,HOME,46.5,-7.0
Rico Dowdle,Carolina Panthers,Buffalo Bills,RB,Rush Yds,49.5,7,HOME,46.5,-7.0
James Cook,Carolina Panthers,Buffalo Bills,RB,Rush Yds,71.5,7,HOME,46.5,-7.0
Josh Allen,Carolina Panthers,Buffalo Bills,QB,Pass Att,30.5,7,HOME,46.5,-7.0
Josh Allen,Carolina Panthers,Buffalo Bills,QB,Pass Comp,20.5,7,HOME,46.5,-7.0
Josh Allen,Carolina Panthers,Buffalo Bills,QB,Pass TDs,1.5,7,HOME,46.5,-7.0
Josh Allen,Carolina Panthers,Buffalo Bills,QB,Pass Yds,226.5,7,HOME,46.5,-7.0
Keon Coleman,Carolina Panthers,Buffalo Bills,WR,Rec Yds,43.5,7,HOME,46.5,-7.0
Khalil Shakir,Carolina Panthers,Buffalo Bills,WR,Rec Yds,50.5,7,HOME,46.5,-7.0
Khalil Shakir,Carolina Panthers,Buffalo Bills,WR,Receptions,4.5,7,HOME,46.5,-7.0
Keon Coleman,Carolina Panthers,Buffalo Bills,WR,Receptions,3.5,7,HOME,46.5,-7.0
James Cook,Carolina Panthers,Buffalo Bills,RB,Rush Att,16.5,7,HOME,46.5,-7.0
Josh Allen,Carolina Panthers,Buffalo Bills,RB,Rush Att,7.5,7,HOME,46.5,-7.0
James Cook,Carolina Panthers,Buffalo Bills,RB,Rush Yds,73.5,7,HOME,46.5,-7.0
Josh Allen,Carolina Panthers,Buffalo Bills,RB,Rush Yds,31.5,7,HOME,46.5,-7.0
Josh Allen,Carolina Panthers,Buffalo Bills,QB,Pass Yds,225.5,7,HOME,46.5,-7.0
Khalil Shakir,Carolina Panthers,Buffalo Bills,WR,Rec Yds,45.5,7,HOME,46.5,-7.0
Keon Coleman,Carolina Panthers,Buffalo Bills,WR,Rec Yds,40.5,7,HOME,46.5,-7.0
Xavier Legette,Carolina Panthers,Buffalo Bills,WR,Rec Yds,35.5,7,HOME,46.5,-7.0
Tetairoa McMillan,Carolina Panthers,Buffalo Bills,WR,Rec Yds,55.5,7,HOME,46.5,-7.0
James Cook,Carolina Panthers,Buffalo Bills,WR,Rec Yds,10.5,7,HOME,46.5,-7.0
Josh Allen,Carolina Panthers,Buffalo Bills,RB,Rush Yds,30.5,7,HOME,46.5,-7.0
Chuba Hubbard,Carolina Panthers,Buffalo Bills,RB,Rush Yds,45.5,7,HOME,46.5,-7.0
James Cook,Carolina Panthers,Buffalo Bills,RB,Rush Yds,70.5,7,HOME,46.5,-7.0
Rico Dowdle,Carolina Panthers,Buffalo Bills,RB,Rush Yds,45.5,7,HOME,46.5,-7.0
Josh Allen,Carolina Panthers,Buffalo Bills,QB,Pass Att,29.5,7,HOME,46.5,-7.0
Andy Dalton,Carolina Panthers,Buffalo Bills,QB,Pass Att,31.5,7,HOME,46.5,-7.0
Josh Allen,Carolina Panthers,Buffalo Bills,QB,Pass Comp,20.5,7,HOME,46.5,-7.0
Andy Dalton,Carolina Panthers,Buffalo Bills,QB,Pass Comp,20.5,7,HOME,46.5,-7.0
Josh Allen,Carolina Panthers,Buffalo Bills,QB,Pass TDs,1.5,7,HOME,46.5,-7.0
Andy Dalton,Carolina Panthers,Buffalo Bills,QB,Pass TDs,1.5,7,HOME,46.5,-7.0
Josh Allen,Carolina Panthers,Buffalo Bills,QB,Pass Yds,227.5,7,HOME,46.5,-7.0
Andy Dalton,Carolina Panthers,Buffalo Bills,QB,Pass Yds,215.5,7,HOME,46.5,-7.0
Xavier Legette,Carolina Panthers,Buffalo Bills,WR,Rec Yds,33.5,7,HOME,46.5,-7.0
Tetairoa McMillan,Carolina Panthers,Buffalo Bills,WR,Rec Yds,54.5,7,HOME,46.5,-7.0
James Cook,Carolina Panthers,Buffalo Bills,WR,Rec Yds,13.5,7,HOME,46.5,-7.0
Khalil Shakir,Carolina Panthers,Buffalo Bills,WR,Rec Yds,47.5,7,HOME,46.5,-7.0
Keon Coleman,Carolina Panthers,Buffalo Bills,WR,Rec Yds,43.5,7,HOME,46.5,-7.0
Xavier Legette,Carolina Panthers,Buffalo Bills,WR,Receptions,3.5,7,HOME,46.5,-7.0
Tetairoa McMillan,Carolina Panthers,Buffalo Bills,WR,Receptions,4.5,7,HOME,46.5,-7.0
James Cook,Carolina Panthers,Buffalo Bills,WR,Receptions,2.5,7,HOME,46.5,-7.0
Khalil Shakir,Carolina Panthers,Buffalo Bills,WR,Receptions,4.5,7,HOME,46.5,-7.0
Keon Coleman,Carolina Panthers,Buffalo Bills,WR,Receptions,3.5,7,HOME,46.5,-7.0
Rico Dowdle,Carolina Panthers,Buffalo Bills,RB,Rush Att,11.5,7,HOME,46.5,-7.0
Josh Allen,Carolina Panthers,Buffalo Bills,RB,Rush Att,6.5,7,HOME,46.5,-7.0
James Cook,Carolina Panthers,Buffalo Bills,RB,Rush Att,17.5,7,HOME,46.5,-7.0
Chuba Hubbard,Carolina Panthers,Buffalo Bills,RB,Rush Att,11.5,7,HOME,46.5,-7.0
Rico Dowdle,Carolina Panthers,Buffalo Bills,RB,Rush Yds,48.5,7,HOME,46.5,-7.0
Josh Allen,Carolina Panthers,Buffalo Bills,RB,Rush Yds,30.5,7,HOME,46.5,-7.0
James Cook,Carolina Panthers,Buffalo Bills,RB,Rush Yds,74.5,7,HOME,46.5,-7.0
Chuba Hubbard,Carolina Panthers,Buffalo Bills,RB,Rush Yds,44.5,7,HOME,46.5,-7.0
Joe Flacco,Cincinnati Bengals,New York Jets,QB,Pass Yds,245.5,7,HOME,44.5,-6.5
Ja'Marr Chase,Cincinnati Bengals,New York Jets,WR,Rec Yds,85.5,7,HOME,44.5,-6.5
Tee Higgins,Cincinnati Bengals,New York Jets,WR,Rec Yds,50.5,7,HOME,44.5,-6.5
Chase Brown,Cincinnati Bengals,New York Jets,RB,Rush Yds,55.5,7,HOME,44.5,-6.5
Joe Flacco,Cincinnati Bengals,New York Jets,QB,Pass TDs,1.5,7,HOME,44.5,-6.5
Joe Flacco,Cincinnati Bengals,New York Jets,QB,Pass Yds,246.5,7,HOME,44.5,-6.5
Tee Higgins,Cincinnati Bengals,New York Jets,WR,Rec Yds,54.5,7,HOME,44.5,-6.5
Ja'Marr Chase,Cincinnati Bengals,New York Jets,WR,Rec Yds,89.5,7,HOME,44.5,-6.5
Ja'Marr Chase,Cincinnati Bengals,New York Jets,WR,Receptions,7.5,7,HOME,44.5,-6.5
Tee Higgins,Cincinnati Bengals,New York Jets,WR,Receptions,4.5,7,HOME,44.5,-6.5
Chase Brown,Cincinnati Bengals,New York Jets,RB,Rush Yds,55.5,7,HOME,44.5,-6.5
Dillon Gabriel,New England Patriots,Cleveland Browns,QB,Pass Att,34.5,7,HOME,40.5,7.0
Drake Maye,New England Patriots,Cleveland Browns,QB,Pass Att,29.5,7,HOME,40.5,7.0
Dillon Gabriel,New England Patriots,Cleveland Browns,QB,Pass Comp,21.5,7,HOME,40.5,7.0
Drake Maye,New England Patriots,Cleveland Browns,QB,Pass Comp,19.5,7,HOME,40.5,7.0
Drake Maye,New England Patriots,Cleveland Browns,QB,Pass TDs,1.5,7,HOME,40.5,7.0
Dillon Gabriel,New England Patriots,Cleveland Browns,QB,Pass TDs,0.5,7,HOME,40.5,7.0
Drake Maye,New England Patriots,Cleveland Browns,QB,Pass Yds,220.5,7,HOME,40.5,7.0
Dillon Gabriel,New England Patriots,Cleveland Browns,QB,Pass Yds,201.5,7,HOME,40.5,7.0
Dillon Gabriel,New England Patriots,Cleveland Browns,QB,Pass TDs,0.5,7,HOME,40.5,7.0
Drake Maye,New England Patriots,Cleveland Browns,QB,Pass TDs,1.5,7,HOME,40.5,7.0
Dillon Gabriel,New England Patriots,Cleveland Browns,QB,Pass Yds,199.5,7,HOME,40.5,7.0
Drake Maye,New England Patriots,Cleveland Browns,QB,Pass Yds,222.5,7,HOME,40.5,7.0
Drake Maye,New England Patriots,Cleveland Browns,QB,Pass Att,28.5,7,HOME,40.5,7.0
Dillon Gabriel,New England Patriots,Cleveland Browns,QB,Pass Att,34.5,7,HOME,40.5,7.0
Dillon Gabriel,New England Patriots,Cleveland Browns,QB,Pass Comp,21.5,7,HOME,40.5,7.0
Drake Maye,New England Patriots,Cleveland Browns,QB,Pass Comp,19.5,7,HOME,40.5,7.0
Drake Maye,New England Patriots,Cleveland Browns,QB,Pass TDs,1.5,7,HOME,40.5,7.0
Dillon Gabriel,New England Patriots,Cleveland Browns,QB,Pass TDs,0.5,7,HOME,40.5,7.0
Dillon Gabriel,New England Patriots,Cleveland Browns,QB,Pass Yds,202.5,7,HOME,40.5,7.0
Drake Maye,New England Patriots,Cleveland Browns,QB,Pass Yds,220.5,7,HOME,40.5,7.0
Dillon Gabriel,New England Patriots,Cleveland Browns,QB,Pass Att,34.5,7,HOME,40.5,7.0
Drake Maye,New England Patriots,Cleveland Browns,QB,Pass Att,29.5,7,HOME,40.5,7.0
Drake Maye,New England Patriots,Cleveland Browns,QB,Pass Comp,19.5,7,HOME,40.5,7.0
Drake Maye,New England Patriots,Cleveland Browns,QB,Pass TDs,1.5,7,HOME,40.5,7.0
Drake Maye,New England Patriots,Cleveland Browns,QB,Pass Yds,220.5,7,HOME,40.5,7.0
Drake Maye,New England Patriots,Cleveland Browns,QB,Pass Att,29.5,7,HOME,40.5,7.0
Dillon Gabriel,New England Patriots,Cleveland Browns,QB,Pass Att,33.5,7,HOME,40.5,7.0
Drake Maye,New England Patriots,Cleveland Browns,QB,Pass Comp,19.5,7,HOME,40.5,7.0
Dillon Gabriel,New England Patriots,Cleveland Browns,QB,Pass Comp,21.5,7,HOME,40.5,7.0
Dillon Gabriel,New England Patriots,Cleveland Browns,QB,Pass TDs,0.5,7,HOME,40.5,7.0
Drake Maye,New England Patriots,Cleveland Browns,QB,Pass TDs,1.5,7,HOME,40.5,7.0
Drake Maye,New England Patriots,Cleveland Browns,QB,Pass Yds,219.5,7,HOME,40.5,7.0
Dillon Gabriel,New England Patriots,Cleveland Browns,QB,Pass Yds,201.5,7,HOME,40.5,7.0
Dillon Gabriel,New England Patriots,Cleveland Browns,QB,Pass Yds,200.5,7,HOME,40.5,7.0
Drake Maye,New England Patriots,Cleveland Browns,QB,Pass Yds,225.5,7,HOME,40.5,7.0
Mack Hollins,New England Patriots,Cleveland Browns,WR,Rec Yds,15.5,7,HOME,40.5,7.0
Hunter Henry,New England Patriots,Cleveland Browns,WR,Rec Yds,40.5,7,HOME,40.5,7.0
Jerry Jeudy,New England Patriots,Cleveland Browns,WR,Rec Yds,45.5,7,HOME,40.5,7.0
Quinshon Judkins,New England Patriots,Cleveland Browns,WR,Rec Yds,10.5,7,HOME,40.5,7.0
Isaiah Bond,New England Patriots,Cleveland Browns,WR,Rec Yds,25.5,7,HOME,40.5,7.0
DeMario Douglas,New England Patriots,Cleveland Browns,WR,Rec Yds,15.5,7,HOME,40.5,7.0
Stefon Diggs,New England Patriots,Cleveland Browns,WR,Rec Yds,50.5,7,HOME,40.5,7.0
Rhamondre Stevenson,New England Patriots,Cleveland Browns,WR,Rec Yds,10.5,7,HOME,40.5,7.0
Kayshon Boutte,New England Patriots,Cleveland Browns,WR,Rec Yds,35.5,7,HOME,40.5,7.0
Jamari Thrash,New England Patriots,Cleveland Browns,WR,Rec Yds,10.5,7,HOME,40.5,7.0
Drake Maye,New England Patriots,Cleveland Browns,RB,Rush Yds,25.5,7,HOME,40.5,7.0
Rhamondre Stevenson,New England Patriots,Cleveland Browns,RB,Rush Yds,60.5,7,HOME,40.5,7.0
Quinshon Judkins,New England Patriots,Cleveland Browns,RB,Rush Yds,70.5,7,HOME,40.5,7.0
Dillon Gabriel,New England Patriots,Cleveland Browns,RB,Rush Yds,5.5,7,HOME,40.5,7.0
Dillon Gabriel,New England Patriots,Cleveland Browns,QB,Pass Att,33.5,7,HOME,40.5,7.0
Drake Maye,New England Patriots,Cleveland Browns,QB,Pass Att,29.5,7,HOME,40.5,7.0
Drake Maye,New England Patriots,Cleveland Browns,QB,Pass Comp,20.5,7,HOME,40.5,7.0
Dillon Gabriel,New England Patriots,Cleveland Browns,QB,Pass Comp,20.5,7,HOME,40.5,7.0
Dillon Gabriel,New England Patriots,Cleveland Browns,QB,Pass TDs,0.5,7,HOME,40.5,7.0
Drake Maye,New England Patriots,Cleveland Browns,QB,Pass TDs,1.5,7,HOME,40.5,7.0
Drake Maye,New England Patriots,Cleveland Browns,QB,Pass Yds,225.5,7,HOME,40.5,7.0
Dillon Gabriel,New England Patriots,Cleveland Browns,QB,Pass Yds,195.5,7,HOME,40.5,7.0
Isaiah Bond,New England Patriots,Cleveland Browns,WR,Rec Yds,26.5,7,HOME,40.5,7.0
Stefon Diggs,New England Patriots,Cleveland Browns,WR,Rec Yds,52.5,7,HOME,40.5,7.0
DeMario Douglas,New England Patriots,Cleveland Browns,WR,Rec Yds,17.5,7,HOME,40.5,7.0
Hunter Henry,New England Patriots,Cleveland Browns,WR,Rec Yds,39.5,7,HOME,40.5,7.0
Rhamondre Stevenson,New England Patriots,Cleveland Browns,WR,Rec Yds,12.5,7,HOME,40.5,7.0
Mack Hollins,New England Patriots,Cleveland Browns,WR,Rec Yds,13.5,7,HOME,40.5,7.0
Quinshon Judkins,New England Patriots,Cleveland Browns,WR,Rec Yds,8.5,7,HOME,40.5,7.0
Kayshon Boutte,New England Patriots,Cleveland Browns,WR,Rec Yds,35.5,7,HOME,40.5,7.0
Jamari Thrash,New England Patriots,Cleveland Browns,WR,Rec Yds,9.5,7,HOME,40.5,7.0
Jerry Jeudy,New England Patriots,Cleveland Browns,WR,Rec Yds,43.5,7,HOME,40.5,7.0
Stefon Diggs,New England Patriots,Cleveland Browns,WR,Receptions,4.5,7,HOME,40.5,7.0
DeMario Douglas,New England Patriots,Cleveland Browns,WR,Receptions,1.5,7,HOME,40.5,7.0
Hunter Henry,New England Patriots,Cleveland Browns,WR,Receptions,3.5,7,HOME,40.5,7.0
Rhamondre Stevenson,New England Patriots,Cleveland Browns,WR,Receptions,2.5,7,HOME,40.5,7.0
Kayshon Boutte,New England Patriots,Cleveland Browns,WR,Receptions,2.5,7,HOME,40.5,7.0
Mack Hollins,New England Patriots,Cleveland Browns,WR,Receptions,1.5,7,HOME,40.5,7.0
Dillon Gabriel,New England Patriots,Cleveland Browns,RB,Rush Att,2.5,7,HOME,40.5,7.0
Rhamondre Stevenson,New England Patriots,Cleveland Browns,RB,Rush Att,17.5,7,HOME,40.5,7.0
Drake Maye,New England Patriots,Cleveland Browns,RB,Rush Att,5.5,7,HOME,40.5,7.0
Dillon Gabriel,New England Patriots,Cleveland Browns,RB,Rush Yds,5.5,7,HOME,40.5,7.0
Rhamondre Stevenson,New England Patriots,Cleveland Browns,RB,Rush Yds,61.5,7,HOME,40.5,7.0
Drake Maye,New England Patriots,Cleveland Browns,RB,Rush Yds,24.5,7,HOME,40.5,7.0
Quinshon Judkins,New England Patriots,Cleveland Browns,RB,Rush Yds,71.5,7,HOME,40.5,7.0
Mac Jones,Houston Texans,San Francisco 49ers,QB,Pass TDs,1.5,7,HOME,41.5,-1.5
Mac Jones,Houston Texans,San Francisco 49ers,QB,Pass Att,32.5,7,HOME,41.5,-1.5
C.J. Stroud,Houston Texans,San Francisco 49ers,QB,Pass Att,31.5,7,HOME,41.5,-1.5
Mac Jones,Houston Texans,San Francisco 49ers,QB,Pass Comp,21.5,7,HOME,41.5,-1.5
C.J. Stroud,Houston Texans,San Francisco 49ers,QB,Pass Comp,19.5,7,HOME,41.5,-1.5
C.J. Stroud,Houston Texans,San Francisco 49ers,QB,Pass TDs,1.5,7,HOME,41.5,-1.5
Mac Jones,Houston Texans,San Francisco 49ers,QB,Pass TDs,1.5,7,HOME,41.5,-1.5
C.J. Stroud,Houston Texans,San Francisco 49ers,QB,Pass Yds,194.5,7,HOME,41.5,-1.5
Mac Jones,Houston Texans,San Francisco 49ers,QB,Pass Yds,217.5,7,HOME,41.5,-1.5
C.J. Stroud,Houston Texans,San Francisco 49ers,QB,Pass Att,31.5,7,HOME,41.5,-1.5
Mac Jones,Houston Texans,San Francisco 49ers,QB,Pass Att,31.5,7,HOME,41.5,-1.5
C.J. Stroud,Houston Texans,San Francisco 49ers,QB,Pass TDs,1.5,7,HOME,41.5,-1.5
Mac Jones,Houston Texans,San Francisco 49ers,QB,Pass TDs,1.5,7,HOME,41.5,-1.5
Mac Jones,Houston Texans,San Francisco 49ers,QB,Pass Att,31.5,7,HOME,41.5,-1.5
C.J. Stroud,Houston Texans,San Francisco 49ers,QB,Pass Att,32.5,7,HOME,41.5,-1.5
Mac Jones,Houston Texans,San Francisco 49ers,QB,Pass Comp,20.5,7,HOME,41.5,-1.5
C.J. Stroud,Houston Texans,San Francisco 49ers,QB,Pass Comp,20.5,7,HOME,41.5,-1.5
Mac Jones,Houston Texans,San Francisco 49ers,QB,Pass TDs,1.5,7,HOME,41.5,-1.5
C.J. Stroud,Houston Texans,San Francisco 49ers,QB,Pass TDs,1.5,7,HOME,41.5,-1.5
Mac Jones,Houston Texans,San Francisco 49ers,QB,Pass Yds,223.5,7,HOME,41.5,-1.5
C.J. Stroud,Houston Texans,San Francisco 49ers,QB,Pass Yds,201.5,7,HOME,41.5,-1.5
C.J. Stroud,Houston Texans,San Francisco 49ers,RB,Rush Att,3.5,7,HOME,41.5,-1.5
C.J. Stroud,Houston Texans,San Francisco 49ers,RB,Rush Yds,16.5,7,HOME,41.5,-1.5
Jalen Hurts,Philadelphia Eagles,New York Giants,QB,Pass Att,28.5,7,HOME,43.5,7.5
Jaxson Dart,Philadelphia Eagles,New York Giants,QB,Pass Comp,18.5,7,HOME,43.5,7.5
Jalen Hurts,Philadelphia Eagles,New York Giants,QB,Pass TDs,1.5,7,HOME,43.5,7.5
Jaxson Dart,Philadelphia Eagles,New York Giants,QB,Pass TDs,0.5,7,HOME,43.5,7.5
Jalen Hurts,Philadelphia Eagles,New York Giants,QB,Pass Yds,211.5,7,HOME,43.5,7.5
Jaxson Dart,Philadelphia Eagles,New York Giants,QB,Pass Yds,195.5,7,HOME,43.5,7.5
AJ Brown,Philadelphia Eagles,New York Giants,WR,Rec Yds,65.5,7,HOME,43.5,7.5
DeVonta Smith,Philadelphia Eagles,New York Giants,WR,Rec Yds,55.5,7,HOME,43.5,7.5
Dallas Goedert,Philadelphia Eagles,New York Giants,WR,Rec Yds,40.5,7,HOME,43.5,7.5
Saquon Barkley,Philadelphia Eagles,New York Giants,WR,Rec Yds,16.5,7,HOME,43.5,7.5
AJ Brown,Philadelphia Eagles,New York Giants,WR,Receptions,4.5,7,HOME,43.5,7.5
DeVonta Smith,Philadelphia Eagles,New York Giants,WR,Receptions,4.5,7,HOME,43.5,7.5
Dallas Goedert,Philadelphia Eagles,New York Giants,WR,Receptions,4.5,7,HOME,43.5,7.5
Saquon Barkley,Philadelphia Eagles,New York Giants,WR,Receptions,2.5,7,HOME,43.5,7.5
Saquon Barkley,Philadelphia Eagles,New York Giants,RB,Rush Att,17.5,7,HOME,43.5,7.5
Jalen Hurts,Philadelphia Eagles,New York Giants,RB,Rush Att,7.5,7,HOME,43.5,7.5
Saquon Barkley,Philadelphia Eagles,New York Giants,RB,Rush Yds,80.5,7,HOME,43.5,7.5
Jalen Hurts,Philadelphia Eagles,New York Giants,RB,Rush Yds,28.5,7,HOME,43.5,7.5
Jalen Hurts,Philadelphia Eagles,New York Giants,QB,Pass Att,28.5,7,HOME,43.5,7.5
Jaxson Dart,Philadelphia Eagles,New York Giants,QB,Pass Att,30.5,7,HOME,43.5,7.5
Jalen Hurts,Philadelphia Eagles,New York Giants,QB,Pass Comp,18.5,7,HOME,43.5,7.5
Jaxson Dart,Philadelphia Eagles,New York Giants,QB,Pass Comp,17.5,7,HOME,43.5,7.5
Jalen Hurts,Philadelphia Eagles,New York Giants,QB,Pass TDs,1.5,7,HOME,43.5,7.5
Jaxson Dart,Philadelphia Eagles,New York Giants,QB,Pass TDs,0.5,7,HOME,43.5,7.5
Jalen Hurts,Philadelphia Eagles,New York Giants,QB,Pass Yds,213.5,7,HOME,43.5,7.5
Jaxson Dart,Philadelphia Eagles,New York Giants,QB,Pass Yds,194.5,7,HOME,43.5,7.5
Wan'Dale Robinson,Philadelphia Eagles,New York Giants,WR,Rec Yds,50.5,7,HOME,43.5,7.5
Cam Skattebo,Philadelphia Eagles,New York Giants,WR,Rec Yds,21.5,7,HOME,43.5,7.5
Saquon Barkley,Philadelphia Eagles,New York Giants,WR,Rec Yds,15.5,7,HOME,43.5,7.5
DeVonta Smith,Philadelphia Eagles,New York Giants,WR,Rec Yds,57.5,7,HOME,43.5,7.5
Dallas Goedert,Philadelphia Eagles,New York Giants,WR,Rec Yds,40.5,7,HOME,43.5,7.5
AJ Brown,Philadelphia Eagles,New York Giants,WR,Rec Yds,65.5,7,HOME,43.5,7.5
Theo Johnson,Philadelphia Eagles,New York Giants,WR,Rec Yds,35.5,7,HOME,43.5,7.5
Cam Skattebo,Philadelphia Eagles,New York Giants,WR,Receptions,2.5,7,HOME,43.5,7.5
Saquon Barkley,Philadelphia Eagles,New York Giants,WR,Receptions,2.5,7,HOME,43.5,7.5
AJ Brown,Philadelphia Eagles,New York Giants,WR,Receptions,5.5,7,HOME,43.5,7.5
Dallas Goedert,Philadelphia Eagles,New York Giants,WR,Receptions,4.5,7,HOME,43.5,7.5
DeVonta Smith,Philadelphia Eagles,New York Giants,WR,Receptions,4.5,7,HOME,43.5,7.5
Theo Johnson,Philadelphia Eagles,New York Giants,WR,Receptions,3.5,7,HOME,43.5,7.5
Wan'Dale Robinson,Philadelphia Eagles,New York Giants,WR,Receptions,5.5,7,HOME,43.5,7.5
Jalen Hurts,Philadelphia Eagles,New York Giants,RB,Rush Att,8.5,7,HOME,43.5,7.5
Cam Skattebo,Philadelphia Eagles,New York Giants,RB,Rush Att,14.5,7,HOME,43.5,7.5
Jaxson Dart,Philadelphia Eagles,New York Giants,RB,Rush Att,7.5,7,HOME,43.5,7.5
Saquon Barkley,Philadelphia Eagles,New York Giants,RB,Rush Att,17.5,7,HOME,43.5,7.5
Jalen Hurts,Philadelphia Eagles,New York Giants,RB,Rush Yds,30.5,7,HOME,43.5,7.5
Cam Skattebo,Philadelphia Eagles,New York Giants,RB,Rush Yds,57.5,7,HOME,43.5,7.5
Saquon Barkley,Philadelphia Eagles,New York Giants,RB,Rush Yds,75.5,7,HOME,43.5,7.5
Jaxson Dart,Philadelphia Eagles,New York Giants,RB,Rush Yds,36.5,7,HOME,43.5,7.5
Jalen Hurts,Philadelphia Eagles,New York Giants,QB,Pass TDs,1.5,7,HOME,43.5,7.5
Jaxson Dart,Philadelphia Eagles,New York Giants,QB,Pass TDs,0.5,7,HOME,43.5,7.5
Jalen Hurts,Philadelphia Eagles,New York Giants,QB,Pass Yds,207.5,7,HOME,43.5,7.5
Jaxson Dart,Philadelphia Eagles,New York Giants,QB,Pass Yds,196.5,7,HOME,43.5,7.5
Dallas Goedert,Philadelphia Eagles,New York Giants,WR,Rec Yds,40.5,7,HOME,43.5,7.5
Wan'Dale Robinson,Philadelphia Eagles,New York Giants,WR,Rec Yds,53.5,7,HOME,43.5,7.5
AJ Brown,Philadelphia Eagles,New York Giants,WR,Rec Yds,65.5,7,HOME,43.5,7.5
Cam Skattebo,Philadelphia Eagles,New York Giants,WR,Rec Yds,21.5,7,HOME,43.5,7.5
Saquon Barkley,Philadelphia Eagles,New York Giants,WR,Rec Yds,15.5,7,HOME,43.5,7.5
Theo Johnson,Philadelphia Eagles,New York Giants,WR,Rec Yds,34.5,7,HOME,43.5,7.5
DeVonta Smith,Philadelphia Eagles,New York Giants,WR,Rec Yds,54.5,7,HOME,43.5,7.5
DeVonta Smith,Philadelphia Eagles,New York Giants,WR,Receptions,4.5,7,HOME,43.5,7.5
Dallas Goedert,Philadelphia Eagles,New York Giants,WR,Receptions,4.5,7,HOME,43.5,7.5
Saquon Barkley,Philadelphia Eagles,New York Giants,WR,Receptions,2.5,7,HOME,43.5,7.5
Theo Johnson,Philadelphia Eagles,New York Giants,WR,Receptions,3.5,7,HOME,43.5,7.5
Cam Skattebo,Philadelphia Eagles,New York Giants,WR,Receptions,2.5,7,HOME,43.5,7.5
AJ Brown,Philadelphia Eagles,New York Giants,WR,Receptions,4.5,7,HOME,43.5,7.5
Wan'Dale Robinson,Philadelphia Eagles,New York Giants,WR,Receptions,5.5,7,HOME,43.5,7.5
Saquon Barkley,Philadelphia Eagles,New York Giants,RB,Rush Yds,78.5,7,HOME,43.5,7.5
Jaxson Dart,Philadelphia Eagles,New York Giants,RB,Rush Yds,37.5,7,HOME,43.5,7.5
Jalen Hurts,Philadelphia Eagles,New York Giants,RB,Rush Yds,29.5,7,HOME,43.5,7.5
Cam Skattebo,Philadelphia Eagles,New York Giants,RB,Rush Yds,56.5,7,HOME,43.5,7.5
Jalen Hurts,Philadelphia Eagles,New York Giants,QB,Pass Att,27.5,7,HOME,43.5,7.5
Jaxson Dart,Philadelphia Eagles,New York Giants,QB,Pass Att,31.5,7,HOME,43.5,7.5
Jaxson Dart,Philadelphia Eagles,New York Giants,QB,Pass Comp,18.5,7,HOME,43.5,7.5
Jalen Hurts,Philadelphia Eagles,New York Giants,QB,Pass Comp,18.5,7,HOME,43.5,7.5
Jaxson Dart,Philadelphia Eagles,New York Giants,QB,Pass TDs,0.5,7,HOME,43.5,7.5
Jalen Hurts,Philadelphia Eagles,New York Giants,QB,Pass TDs,1.5,7,HOME,43.5,7.5
Jalen Hurts,Philadelphia Eagles,New York Giants,QB,Pass Yds,204.5,7,HOME,43.5,7.5
Jaxson Dart,Philadelphia Eagles,New York Giants,QB,Pass Yds,199.5,7,HOME,43.5,7.5
Theo Johnson,Philadelphia Eagles,New York Giants,WR,Rec Yds,33.5,7,HOME,43.5,7.5
Wan'Dale Robinson,Philadelphia Eagles,New York Giants,WR,Rec Yds,53.5,7,HOME,43.5,7.5
AJ Brown,Philadelphia Eagles,New York Giants,WR,Rec Yds,65.5,7,HOME,43.5,7.5
Dallas Goedert,Philadelphia Eagles,New York Giants,WR,Rec Yds,39.5,7,HOME,43.5,7.5
Cam Skattebo,Philadelphia Eagles,New York Giants,WR,Rec Yds,21.5,7,HOME,43.5,7.5
DeVonta Smith,Philadelphia Eagles,New York Giants,WR,Rec Yds,54.5,7,HOME,43.5,7.5
Saquon Barkley,Philadelphia Eagles,New York Giants,WR,Rec Yds,15.5,7,HOME,43.5,7.5
Dallas Goedert,Philadelphia Eagles,New York Giants,WR,Receptions,4.5,7,HOME,43.5,7.5
Cam Skattebo,Philadelphia Eagles,New York Giants,WR,Receptions,3.5,7,HOME,43.5,7.5
AJ Brown,Philadelphia Eagles,New York Giants,WR,Receptions,4.5,7,HOME,43.5,7.5
Wan'Dale Robinson,Philadelphia Eagles,New York Giants,WR,Receptions,5.5,7,HOME,43.5,7.5
Saquon Barkley,Philadelphia Eagles,New York Giants,WR,Receptions,2.5,7,HOME,43.5,7.5
Theo Johnson,Philadelphia Eagles,New York Giants,WR,Receptions,3.5,7,HOME,43.5,7.5
DeVonta Smith,Philadelphia Eagles,New York Giants,WR,Receptions,4.5,7,HOME,43.5,7.5
Jalen Hurts,Philadelphia Eagles,New York Giants,RB,Rush Att,8.5,7,HOME,43.5,7.5
Saquon Barkley,Philadelphia Eagles,New York Giants,RB,Rush Att,17.5,7,HOME,43.5,7.5
Jaxson Dart,Philadelphia Eagles,New York Giants,RB,Rush Att,6.5,7,HOME,43.5,7.5
Cam Skattebo,Philadelphia Eagles,New York Giants,RB,Rush Att,14.5,7,HOME,43.5,7.5
Jalen Hurts,Philadelphia Eagles,New York Giants,RB,Rush Yds,29.5,7,HOME,43.5,7.5
Saquon Barkley,Philadelphia Eagles,New York Giants,RB,Rush Yds,79.5,7,HOME,43.5,7.5
Jaxson Dart,Philadelphia Eagles,New York Giants,RB,Rush Yds,37.5,7,HOME,43.5,7.5
Cam Skattebo,Philadelphia Eagles,New York Giants,RB,Rush Yds,55.5,7,HOME,43.5,7.5
Jalen Hurts,Philadelphia Eagles,New York Giants,QB,Pass Att,28.5,7,HOME,43.5,7.5
Jaxson Dart,Philadelphia Eagles,New York Giants,QB,Pass Comp,18.5,7,HOME,43.5,7.5
Jalen Hurts,Philadelphia Eagles,New York Giants,QB,Pass TDs,1.5,7,HOME,43.5,7.5
Jaxson Dart,Philadelphia Eagles,New York Giants,QB,Pass TDs,0.5,7,HOME,43.5,7.5
Jalen Hurts,Philadelphia Eagles,New York Giants,QB,Pass Yds,204.5,7,HOME,43.5,7.5
Jaxson Dart,Philadelphia Eagles,New York Giants,QB,Pass Yds,195.5,7,HOME,43.5,7.5
AJ Brown,Philadelphia Eagles,New York Giants,WR,Rec Yds,65.5,7,HOME,43.5,7.5
Theo Johnson,Philadelphia Eagles,New York Giants,WR,Rec Yds,33.5,7,HOME,43.5,7.5
Cam Skattebo,Philadelphia Eagles,New York Giants,WR,Rec Yds,21.5,7,HOME,43.5,7.5
Saquon Barkley,Philadelphia Eagles,New York Giants,WR,Rec Yds,15.5,7,HOME,43.5,7.5
Dallas Goedert,Philadelphia Eagles,New York Giants,WR,Rec Yds,40.5,7,HOME,43.5,7.5
DeVonta Smith,Philadelphia Eagles,New York Giants,WR,Rec Yds,55.5,7,HOME,43.5,7.5
Wan'Dale Robinson,Philadelphia Eagles,New York Giants,WR,Rec Yds,53.5,7,HOME,43.5,7.5
AJ Brown,Philadelphia Eagles,New York Giants,WR,Receptions,4.5,7,HOME,43.5,7.5
DeVonta Smith,Philadelphia Eagles,New York Giants,WR,Receptions,4.5,7,HOME,43.5,7.5
Wan'Dale Robinson,Philadelphia Eagles,New York Giants,WR,Receptions,5.5,7,HOME,43.5,7.5
Saquon Barkley,Philadelphia Eagles,New York Giants,WR,Receptions,2.5,7,HOME,43.5,7.5
Cam Skattebo,Philadelphia Eagles,New York Giants,WR,Receptions,2.5,7,HOME,43.5,7.5
Saquon Barkley,Philadelphia Eagles,New York Giants,RB,Rush Att,17.5,7,HOME,43.5,7.5
Cam Skattebo,Philadelphia Eagles,New York Giants,RB,Rush Att,14.5,7,HOME,43.5,7.5
Cam Skattebo,Philadelphia Eagles,New York Giants,RB,Rush Yds,56.5,7,HOME,43.5,7.5
Saquon Barkley,Philadelphia Eagles,New York Giants,RB,Rush Yds,80.5,7,HOME,43.5,7.5
Jaxson Dart,Philadelphia Eagles,New York Giants,RB,Rush Yds,37.5,7,HOME,43.5,7.5
Jalen Hurts,Philadelphia Eagles,New York Giants,RB,Rush Yds,30.5,7,HOME,43.5,7.5
Jalen Hurts,Philadelphia Eagles,New York Giants,QB,Pass Att,27.5,7,HOME,43.5,7.5
Jaxson Dart,Philadelphia Eagles,New York Giants,QB,Pass Att,30.5,7,HOME,43.5,7.5
Jalen Hurts,Philadelphia Eagles,New York Giants,QB,Pass Comp,18.5,7,HOME,43.5,7.5
Jaxson Dart,Philadelphia Eagles,New York Giants,QB,Pass Comp,18.5,7,HOME,43.5,7.5
Jaxson Dart,Philadelphia Eagles,New York Giants,QB,Pass TDs,0.5,7,HOME,43.5,7.5
Jalen Hurts,Philadelphia Eagles,New York Giants,QB,Pass TDs,1.5,7,HOME,43.5,7.5
Jalen Hurts,Philadelphia Eagles,New York Giants,QB,Pass Yds,208.5,7,HOME,43.5,7.5
Jaxson Dart,Philadelphia Eagles,New York Giants,QB,Pass Yds,196.5,7,HOME,43.5,7.5
Saquon Barkley,Philadelphia Eagles,New York Giants,WR,Rec Yds,16.5,7,HOME,43.5,7.5
DeVonta Smith,Philadelphia Eagles,New York Giants,WR,Rec Yds,55.5,7,HOME,43.5,7.5
Cam Skattebo,Philadelphia Eagles,New York Giants,WR,Rec Yds,22.5,7,HOME,43.5,7.5
Wan'Dale Robinson,Philadelphia Eagles,New York Giants,WR,Rec Yds,54.5,7,HOME,43.5,7.5
Dallas Goedert,Philadelphia Eagles,New York Giants,WR,Rec Yds,40.5,7,HOME,43.5,7.5
AJ Brown,Philadelphia Eagles,New York Giants,WR,Rec Yds,66.5,7,HOME,43.5,7.5
Theo Johnson,Philadelphia Eagles,New York Giants,WR,Rec Yds,35.5,7,HOME,43.5,7.5
Dallas Goedert,Philadelphia Eagles,New York Giants,WR,Receptions,4.5,7,HOME,43.5,7.5
Cam Skattebo,Philadelphia Eagles,New York Giants,WR,Receptions,2.5,7,HOME,43.5,7.5
Theo Johnson,Philadelphia Eagles,New York Giants,WR,Receptions,3.5,7,HOME,43.5,7.5
AJ Brown,Philadelphia Eagles,New York Giants,WR,Receptions,4.5,7,HOME,43.5,7.5
Saquon Barkley,Philadelphia Eagles,New York Giants,WR,Receptions,2.5,7,HOME,43.5,7.5
DeVonta Smith,Philadelphia Eagles,New York Giants,WR,Receptions,4.5,7,HOME,43.5,7.5
Wan'Dale Robinson,Philadelphia Eagles,New York Giants,WR,Receptions,5.5,7,HOME,43.5,7.5
Saquon Barkley,Philadelphia Eagles,New York Giants,RB,Rush Att,17.5,7,HOME,43.5,7.5
Jaxson Dart,Philadelphia Eagles,New York Giants,RB,Rush Att,6.5,7,HOME,43.5,7.5
Jalen Hurts,Philadelphia Eagles,New York Giants,RB,Rush Att,8.5,7,HOME,43.5,7.5
Cam Skattebo,Philadelphia Eagles,New York Giants,RB,Rush Att,14.5,7,HOME,43.5,7.5
Jaxson Dart,Philadelphia Eagles,New York Giants,RB,Rush Yds,35.5,7,HOME,43.5,7.5
Saquon Barkley,Philadelphia Eagles,New York Giants,RB,Rush Yds,78.5,7,HOME,43.5,7.5
Jalen Hurts,Philadelphia Eagles,New York Giants,RB,Rush Yds,30.5,7,HOME,43.5,7.5
Cam Skattebo,Philadelphia Eagles,New York Giants,RB,Rush Yds,54.5,7,HOME,43.5,7.5
Jaxson Dart,Philadelphia Eagles,New York Giants,QB,Pass Yds,195.5,7,HOME,43.5,7.5
Jalen Hurts,Philadelphia Eagles,New York Giants,QB,Pass Yds,205.5,7,HOME,43.5,7.5
Wan'Dale Robinson,Philadelphia Eagles,New York Giants,WR,Rec Yds,50.5,7,HOME,43.5,7.5
Saquon Barkley,Philadelphia Eagles,New York Giants,WR,Rec Yds,15.5,7,HOME,43.5,7.5
Cam Skattebo,Philadelphia Eagles,New York Giants,WR,Rec Yds,20.5,7,HOME,43.5,7.5
Theo Johnson,Philadelphia Eagles,New York Giants,WR,Rec Yds,35.5,7,HOME,43.5,7.5
Dallas Goedert,Philadelphia Eagles,New York Giants,WR,Rec Yds,40.5,7,HOME,43.5,7.5
DeVonta Smith,Philadelphia Eagles,New York Giants,WR,Rec Yds,55.5,7,HOME,43.5,7.5
AJ Brown,Philadelphia Eagles,New York Giants,WR,Rec Yds,65.5,7,HOME,43.5,7.5
Jalen Hurts,Philadelphia Eagles,New York Giants,RB,Rush Yds,30.5,7,HOME,43.5,7.5
Saquon Barkley,Philadelphia Eagles,New York Giants,RB,Rush Yds,75.5,7,HOME,43.5,7.5
Cam Skattebo,Philadelphia Eagles,New York Giants,RB,Rush Yds,55.5,7,HOME,43.5,7.5
Jaxson Dart,Philadelphia Eagles,New York Giants,RB,Rush Yds,35.5,7,HOME,43.5,7.5
Dak Prescott,Denver Broncos,Dallas Cowboys,QB,Pass Att,35.5,7,HOME,50.5,3.5
Bo Nix,Denver Broncos,Dallas Cowboys,QB,Pass Att,34.5,7,HOME,50.5,3.5
Bo Nix,Denver Broncos,Dallas Cowboys,QB,Pass Comp,22.5,7,HOME,50.5,3.5
Dak Prescott,Denver Broncos,Dallas Cowboys,QB,Pass Comp,22.5,7,HOME,50.5,3.5
Bo Nix,Denver Broncos,Dallas Cowboys,QB,Pass TDs,1.5,7,HOME,50.5,3.5
Dak Prescott,Denver Broncos,Dallas Cowboys,QB,Pass TDs,1.5,7,HOME,50.5,3.5
Dak Prescott,Denver Broncos,Dallas Cowboys,QB,Pass Yds,253.5,7,HOME,50.5,3.5
Bo Nix,Denver Broncos,Dallas Cowboys,QB,Pass Yds,235.5,7,HOME,50.5,3.5
CeeDee Lamb,Denver Broncos,Dallas Cowboys,WR,Rec Yds,73.5,7,HOME,50.5,3.5
Courtland Sutton,Denver Broncos,Dallas Cowboys,WR,Rec Yds,62.5,7,HOME,50.5,3.5
George Pickens,Denver Broncos,Dallas Cowboys,WR,Rec Yds,56.5,7,HOME,50.5,3.5
Jake Ferguson,Denver Broncos,Dallas Cowboys,WR,Rec Yds,40.5,7,HOME,50.5,3.5
Evan Engram,Denver Broncos,Dallas Cowboys,WR,Rec Yds,31.5,7,HOME,50.5,3.5
CeeDee Lamb,Denver Broncos,Dallas Cowboys,WR,Receptions,5.5,7,HOME,50.5,3.5
Jake Ferguson,Denver Broncos,Dallas Cowboys,WR,Receptions,5.5,7,HOME,50.5,3.5
Courtland Sutton,Denver Broncos,Dallas Cowboys,WR,Receptions,4.5,7,HOME,50.5,3.5
George Pickens,Denver Broncos,Dallas Cowboys,WR,Receptions,3.5,7,HOME,50.5,3.5
Evan Engram,Denver Broncos,Dallas Cowboys,WR,Receptions,3.5,7,HOME,50.5,3.5
Javonte Williams,Denver Broncos,Dallas Cowboys,RB,Rush Att,15.5,7,HOME,50.5,3.5
Bo Nix,Denver Broncos,Dallas Cowboys,RB,Rush Att,5.5,7,HOME,50.5,3.5
J.K. Dobbins,Denver Broncos,Dallas Cowboys,RB,Rush Yds,69.5,7,HOME,50.5,3.5
Javonte Williams,Denver Broncos,Dallas Cowboys,RB,Rush Yds,64.5,7,HOME,50.5,3.5
Bo Nix,Denver Broncos,Dallas Cowboys,RB,Rush Yds,23.5,7,HOME,50.5,3.5
Bo Nix,Denver Broncos,Dallas Cowboys,QB,Pass TDs,1.5,7,HOME,50.5,3.5
Dak Prescott,Denver Broncos,Dallas Cowboys,QB,Pass TDs,1.5,7,HOME,50.5,3.5
Bo Nix,Denver Broncos,Dallas Cowboys,QB,Pass Yds,233.5,7,HOME,50.5,3.5
Dak Prescott,Denver Broncos,Dallas Cowboys,QB,Pass Yds,251.5,7,HOME,50.5,3.5
Jake Ferguson,Denver Broncos,Dallas Cowboys,WR,Rec Yds,40.5,7,HOME,50.5,3.5
Evan Engram,Denver Broncos,Dallas Cowboys,WR,Rec Yds,31.5,7,HOME,50.5,3.5
Courtland Sutton,Denver Broncos,Dallas Cowboys,WR,Rec Yds,61.5,7,HOME,50.5,3.5
George Pickens,Denver Broncos,Dallas Cowboys,WR,Rec Yds,56.5,7,HOME,50.5,3.5
CeeDee Lamb,Denver Broncos,Dallas Cowboys,WR,Rec Yds,74.5,7,HOME,50.5,3.5
Courtland Sutton,Denver Broncos,Dallas Cowboys,WR,Receptions,4.5,7,HOME,50.5,3.5
George Pickens,Denver Broncos,Dallas Cowboys,WR,Receptions,3.5,7,HOME,50.5,3.5
CeeDee Lamb,Denver Broncos,Dallas Cowboys,WR,Receptions,5.5,7,HOME,50.5,3.5
Jake Ferguson,Denver Broncos,Dallas Cowboys,WR,Receptions,5.5,7,HOME,50.5,3.5
Evan Engram,Denver Broncos,Dallas Cowboys,WR,Receptions,3.5,7,HOME,50.5,3.5
Javonte Williams,Denver Broncos,Dallas Cowboys,RB,Rush Yds,62.5,7,HOME,50.5,3.5
Bo Nix,Denver Broncos,Dallas Cowboys,RB,Rush Yds,24.5,7,HOME,50.5,3.5
J.K. Dobbins,Denver Broncos,Dallas Cowboys,RB,Rush Yds,71.5,7,HOME,50.5,3.5
Bo Nix,Denver Broncos,Dallas Cowboys,QB,Pass Att,34.5,7,HOME,50.5,3.5
Dak Prescott,Denver Broncos,Dallas Cowboys,QB,Pass Att,35.5,7,HOME,50.5,3.5
Dak Prescott,Denver Broncos,Dallas Cowboys,QB,Pass Comp,22.5,7,HOME,50.5,3.5
Bo Nix,Denver Broncos,Dallas Cowboys,QB,Pass Comp,22.5,7,HOME,50.5,3.5
Dak Prescott,Denver Broncos,Dallas Cowboys,QB,Pass TDs,1.5,7,HOME,50.5,3.5
Bo Nix,Denver Broncos,Dallas Cowboys,QB,Pass TDs,1.5,7,HOME,50.5,3.5
Dak Prescott,Denver Broncos,Dallas Cowboys,QB,Pass Yds,251.5,7,HOME,50.5,3.5
Bo Nix,Denver Broncos,Dallas Cowboys,QB,Pass Yds,232.5,7,HOME,50.5,3.5
George Pickens,Denver Broncos,Dallas Cowboys,WR,Rec Yds,56.5,7,HOME,50.5,3.5
CeeDee Lamb,Denver Broncos,Dallas Cowboys,WR,Rec Yds,73.5,7,HOME,50.5,3.5
Courtland Sutton,Denver Broncos,Dallas Cowboys,WR,Rec Yds,60.5,7,HOME,50.5,3.5
Jake Ferguson,Denver Broncos,Dallas Cowboys,WR,Rec Yds,40.5,7,HOME,50.5,3.5
Evan Engram,Denver Broncos,Dallas Cowboys,WR,Rec Yds,30.5,7,HOME,50.5,3.5
Jake Ferguson,Denver Broncos,Dallas Cowboys,WR,Receptions,5.5,7,HOME,50.5,3.5
George Pickens,Denver Broncos,Dallas Cowboys,WR,Receptions,3.5,7,HOME,50.5,3.5
Courtland Sutton,Denver Broncos,Dallas Cowboys,WR,Receptions,4.5,7,HOME,50.5,3.5
CeeDee Lamb,Denver Broncos,Dallas Cowboys,WR,Receptions,5.5,7,HOME,50.5,3.5
Evan Engram,Denver Broncos,Dallas Cowboys,WR,Receptions,3.5,7,HOME,50.5,3.5
Javonte Williams,Denver Broncos,Dallas Cowboys,RB,Rush Att,15.5,7,HOME,50.5,3.5
J.K. Dobbins,Denver Broncos,Dallas Cowboys,RB,Rush Att,16.5,7,HOME,50.5,3.5
Bo Nix,Denver Broncos,Dallas Cowboys,RB,Rush Att,5.5,7,HOME,50.5,3.5
Javonte Williams,Denver Broncos,Dallas Cowboys,RB,Rush Yds,62.5,7,HOME,50.5,3.5
Bo Nix,Denver Broncos,Dallas Cowboys,RB,Rush Yds,24.5,7,HOME,50.5,3.5
J.K. Dobbins,Denver Broncos,Dallas Cowboys,RB,Rush Yds,72.5,7,HOME,50.5,3.5
Dak Prescott,Denver Broncos,Dallas Cowboys,QB,Pass Att,35.5,7,HOME,50.5,3.5
Dak Prescott,Denver Broncos,Dallas Cowboys,QB,Pass Comp,22.5,7,HOME,50.5,3.5
Bo Nix,Denver Broncos,Dallas Cowboys,QB,Pass Comp,22.5,7,HOME,50.5,3.5
Dak Prescott,Denver Broncos,Dallas Cowboys,QB,Pass TDs,1.5,7,HOME,50.5,3.5
Bo Nix,Denver Broncos,Dallas Cowboys,QB,Pass Yds,233.5,7,HOME,50.5,3.5
Dak Prescott,Denver Broncos,Dallas Cowboys,QB,Pass Yds,253.5,7,HOME,50.5,3.5
Courtland Sutton,Denver Broncos,Dallas Cowboys,WR,Rec Yds,60.5,7,HOME,50.5,3.5
CeeDee Lamb,Denver Broncos,Dallas Cowboys,WR,Rec Yds,73.5,7,HOME,50.5,3.5
George Pickens,Denver Broncos,Dallas Cowboys,WR,Rec Yds,57.5,7,HOME,50.5,3.5
Jake Ferguson,Denver Broncos,Dallas Cowboys,WR,Rec Yds,41.5,7,HOME,50.5,3.5
Evan Engram,Denver Broncos,Dallas Cowboys,WR,Rec Yds,31.5,7,HOME,50.5,3.5
Courtland Sutton,Denver Broncos,Dallas Cowboys,WR,Receptions,4.5,7,HOME,50.5,3.5
Javonte Williams,Denver Broncos,Dallas Cowboys,RB,Rush Att,15.5,7,HOME,50.5,3.5
Javonte Williams,Denver Broncos,Dallas Cowboys,RB,Rush Yds,62.5,7,HOME,50.5,3.5
Bo Nix,Denver Broncos,Dallas Cowboys,RB,Rush Yds,24.5,7,HOME,50.5,3.5
J.K. Dobbins,Denver Broncos,Dallas Cowboys,RB,Rush Yds,72.5,7,HOME,50.5,3.5
Dak Prescott,Denver Broncos,Dallas Cowboys,QB,Pass Att,35.5,7,HOME,50.5,3.5
Bo Nix,Denver Broncos,Dallas Cowboys,QB,Pass Att,33.5,7,HOME,50.5,3.5
Dak Prescott,Denver Broncos,Dallas Cowboys,QB,Pass Comp,22.5,7,HOME,50.5,3.5
Bo Nix,Denver Broncos,Dallas Cowboys,QB,Pass Comp,22.5,7,HOME,50.5,3.5
Bo Nix,Denver Broncos,Dallas Cowboys,QB,Pass TDs,1.5,7,HOME,50.5,3.5
Dak Prescott,Denver Broncos,Dallas Cowboys,QB,Pass TDs,1.5,7,HOME,50.5,3.5
Dak Prescott,Denver Broncos,Dallas Cowboys,QB,Pass Yds,251.5,7,HOME,50.5,3.5
Bo Nix,Denver Broncos,Dallas Cowboys,QB,Pass Yds,236.5,7,HOME,50.5,3.5
Courtland Sutton,Denver Broncos,Dallas Cowboys,WR,Rec Yds,61.5,7,HOME,50.5,3.5
CeeDee Lamb,Denver Broncos,Dallas Cowboys,WR,Rec Yds,72.5,7,HOME,50.5,3.5
Jake Ferguson,Denver Broncos,Dallas Cowboys,WR,Rec Yds,41.5,7,HOME,50.5,3.5
George Pickens,Denver Broncos,Dallas Cowboys,WR,Rec Yds,56.5,7,HOME,50.5,3.5
Evan Engram,Denver Broncos,Dallas Cowboys,WR,Rec Yds,31.5,7,HOME,50.5,3.5
Jake Ferguson,Denver Broncos,Dallas Cowboys,WR,Receptions,5.5,7,HOME,50.5,3.5
CeeDee Lamb,Denver Broncos,Dallas Cowboys,WR,Receptions,5.5,7,HOME,50.5,3.5
George Pickens,Denver Broncos,Dallas Cowboys,WR,Receptions,3.5,7,HOME,50.5,3.5
Evan Engram,Denver Broncos,Dallas Cowboys,WR,Receptions,4.5,7,HOME,50.5,3.5
Courtland Sutton,Denver Broncos,Dallas Cowboys,WR,Receptions,4.5,7,HOME,50.5,3.5
Javonte Williams,Denver Broncos,Dallas Cowboys,RB,Rush Att,16.5,7,HOME,50.5,3.5
J.K. Dobbins,Denver Broncos,Dallas Cowboys,RB,Rush Att,16.5,7,HOME,50.5,3.5
Bo Nix,Denver Broncos,Dallas Cowboys,RB,Rush Att,5.5,7,HOME,50.5,3.5
Javonte Williams,Denver Broncos,Dallas Cowboys,RB,Rush Yds,64.5,7,HOME,50.5,3.5
Bo Nix,Denver Broncos,Dallas Cowboys,RB,Rush Yds,24.5,7,HOME,50.5,3.5
J.K. Dobbins,Denver Broncos,Dallas Cowboys,RB,Rush Yds,71.5,7,HOME,50.5,3.5
Dak Prescott,Denver Broncos,Dallas Cowboys,QB,Pass Yds,250.5,7,HOME,50.5,3.5
Bo Nix,Denver Broncos,Dallas Cowboys,QB,Pass Yds,230.5,7,HOME,50.5,3.5
Courtland Sutton,Denver Broncos,Dallas Cowboys,WR,Rec Yds,60.5,7,HOME,50.5,3.5
Evan Engram,Denver Broncos,Dallas Cowboys,WR,Rec Yds,30.5,7,HOME,50.5,3.5
CeeDee Lamb,Denver Broncos,Dallas Cowboys,WR,Rec Yds,70.5,7,HOME,50.5,3.5
George Pickens,Denver Broncos,Dallas Cowboys,WR,Rec Yds,55.5,7,HOME,50.5,3.5
Jake Ferguson,Denver Broncos,Dallas Cowboys,WR,Rec Yds,40.5,7,HOME,50.5,3.5
J.K. Dobbins,Denver Broncos,Dallas Cowboys,RB,Rush Yds,70.5,7,HOME,50.5,3.5
Javonte Williams,Denver Broncos,Dallas Cowboys,RB,Rush Yds,60.5,7,HOME,50.5,3.5
Bo Nix,Denver Broncos,Dallas Cowboys,RB,Rush Yds,20.5,7,HOME,50.5,3.5
Cameron Ward,Indianapolis Colts,Tennessee Titans,QB,Pass Att,34.5,7,HOME,47.5,-14.0
Daniel Jones,Indianapolis Colts,Tennessee Titans,QB,Pass Att,29.5,7,HOME,47.5,-14.0
Daniel Jones,Indianapolis Colts,Tennessee Titans,QB,Pass Comp,20.5,7,HOME,47.5,-14.0
Cameron Ward,Indianapolis Colts,Tennessee Titans,QB,Pass Comp,19.5,7,HOME,47.5,-14.0
Daniel Jones,Indianapolis Colts,Tennessee Titans,QB,Pass TDs,1.5,7,HOME,47.5,-14.0
Cameron Ward,Indianapolis Colts,Tennessee Titans,QB,Pass Yds,194.5,7,HOME,47.5,-14.0
Daniel Jones,Indianapolis Colts,Tennessee Titans,QB,Pass TDs,1.5,7,HOME,47.5,-14.0
Cam Ward,Indianapolis Colts,Tennessee Titans,QB,Pass TDs,0.5,7,HOME,47.5,-14.0
Cam Ward,Indianapolis Colts,Tennessee Titans,QB,Pass Yds,195.5,7,HOME,47.5,-14.0
Cam Ward,Indianapolis Colts,Tennessee Titans,QB,Pass Att,34.5,7,HOME,47.5,-14.0
Daniel Jones,Indianapolis Colts,Tennessee Titans,QB,Pass Att,29.5,7,HOME,47.5,-14.0
Daniel Jones,Indianapolis Colts,Tennessee Titans,QB,Pass Comp,20.5,7,HOME,47.5,-14.0
Cam Ward,Indianapolis Colts,Tennessee Titans,QB,Pass Comp,19.5,7,HOME,47.5,-14.0
Cam Ward,Indianapolis Colts,Tennessee Titans,QB,Pass TDs,0.5,7,HOME,47.5,-14.0
Daniel Jones,Indianapolis Colts,Tennessee Titans,QB,Pass TDs,1.5,7,HOME,47.5,-14.0
Cam Ward,Indianapolis Colts,Tennessee Titans,QB,Pass Yds,194.5,7,HOME,47.5,-14.0
Daniel Jones,Indianapolis Colts,Tennessee Titans,QB,Pass Yds,229.5,7,HOME,47.5,-14.0
Daniel Jones,Indianapolis Colts,Tennessee Titans,QB,Pass Att,29.5,7,HOME,47.5,-14.0
Cameron Ward,Indianapolis Colts,Tennessee Titans,QB,Pass Att,34.5,7,HOME,47.5,-14.0
Daniel Jones,Indianapolis Colts,Tennessee Titans,QB,Pass Comp,20.5,7,HOME,47.5,-14.0
Cameron Ward,Indianapolis Colts,Tennessee Titans,QB,Pass Comp,19.5,7,HOME,47.5,-14.0
Daniel Jones,Indianapolis Colts,Tennessee Titans,QB,Pass TDs,1.5,7,HOME,47.5,-14.0
Cameron Ward,Indianapolis Colts,Tennessee Titans,QB,Pass TDs,0.5,7,HOME,47.5,-14.0
Cameron Ward,Indianapolis Colts,Tennessee Titans,QB,Pass Yds,197.5,7,HOME,47.5,-14.0
Daniel Jones,Indianapolis Colts,Tennessee Titans,QB,Pass Att,29.5,7,HOME,47.5,-14.0
Cameron Ward,Indianapolis Colts,Tennessee Titans,QB,Pass Att,34.5,7,HOME,47.5,-14.0
Daniel Jones,Indianapolis Colts,Tennessee Titans,QB,Pass Comp,20.5,7,HOME,47.5,-14.0
Cameron Ward,Indianapolis Colts,Tennessee Titans,QB,Pass Comp,19.5,7,HOME,47.5,-14.0
Daniel Jones,Indianapolis Colts,Tennessee Titans,QB,Pass TDs,1.5,7,HOME,47.5,-14.0
Cameron Ward,Indianapolis Colts,Tennessee Titans,QB,Pass TDs,0.5,7,HOME,47.5,-14.0
Cameron Ward,Indianapolis Colts,Tennessee Titans,QB,Pass Yds,199.5,7,HOME,47.5,-14.0
Daniel Jones,Indianapolis Colts,Tennessee Titans,QB,Pass Yds,232.5,7,HOME,47.5,-14.0
Daniel Jones,Indianapolis Colts,Tennessee Titans,QB,Pass Yds,225.5,7,HOME,47.5,-14.0
Cam Ward,Indianapolis Colts,Tennessee Titans,QB,Pass Yds,195.5,7,HOME,47.5,-14.0
Aaron Rodgers,Pittsburgh Steelers,Green Bay Packers,QB,Pass Att,32.5,7,HOME,45.5,-3.0
Jordan Love,Pittsburgh Steelers,Green Bay Packers,QB,Pass Att,31.5,7,HOME,45.5,-3.0
Aaron Rodgers,Pittsburgh Steelers,Green Bay Packers,QB,Pass Comp,21.5,7,HOME,45.5,-3.0
Jordan Love,Pittsburgh Steelers,Green Bay Packers,QB,Pass Comp,20.5,7,HOME,45.5,-3.0
Aaron Rodgers,Pittsburgh Steelers,Green Bay Packers,QB,Pass TDs,1.5,7,HOME,45.5,-3.0
Jordan Love,Pittsburgh Steelers,Green Bay Packers,QB,Pass TDs,1.5,7,HOME,45.5,-3.0
Jordan Love,Pittsburgh Steelers,Green Bay Packers,QB,Pass Yds,237.5,7,HOME,45.5,-3.0
Aaron Rodgers,Pittsburgh Steelers,Green Bay Packers,QB,Pass Yds,218.5,7,HOME,45.5,-3.0
DK Metcalf,Pittsburgh Steelers,Green Bay Packers,WR,Rec Yds,58.5,7,HOME,45.5,-3.0
Romeo Doubs,Pittsburgh Steelers,Green Bay Packers,WR,Rec Yds,50.5,7,HOME,45.5,-3.0
Tucker Kraft,Pittsburgh Steelers,Green Bay Packers,WR,Rec Yds,47.5,7,HOME,45.5,-3.0
Matthew Golden,Pittsburgh Steelers,Green Bay Packers,WR,Rec Yds,41.5,7,HOME,45.5,-3.0
Jonnu Smith,Pittsburgh Steelers,Green Bay Packers,WR,Rec Yds,32.5,7,HOME,45.5,-3.0
DK Metcalf,Pittsburgh Steelers,Green Bay Packers,WR,Receptions,4.5,7,HOME,45.5,-3.0
Romeo Doubs,Pittsburgh Steelers,Green Bay Packers,WR,Receptions,4.5,7,HOME,45.5,-3.0
Tucker Kraft,Pittsburgh Steelers,Green Bay Packers,WR,Receptions,3.5,7,HOME,45.5,-3.0
Jonnu Smith,Pittsburgh Steelers,Green Bay Packers,WR,Receptions,3.5,7,HOME,45.5,-3.0
Matthew Golden,Pittsburgh Steelers,Green Bay Packers,WR,Receptions,3.5,7,HOME,45.5,-3.0
Josh Jacobs,Pittsburgh Steelers,Green Bay Packers,RB,Rush Att,16.5,7,HOME,45.5,-3.0
Jaylen Warren,Pittsburgh Steelers,Green Bay Packers,RB,Rush Att,14.5,7,HOME,45.5,-3.0
Josh Jacobs,Pittsburgh Steelers,Green Bay Packers,RB,Rush Yds,67.5,7,HOME,45.5,-3.0
Jaylen Warren,Pittsburgh Steelers,Green Bay Packers,RB,Rush Yds,55.5,7,HOME,45.5,-3.0
Aaron Rodgers,Pittsburgh Steelers,Green Bay Packers,QB,Pass TDs,1.5,7,HOME,45.5,-3.0
Jordan Love,Pittsburgh Steelers,Green Bay Packers,QB,Pass TDs,1.5,7,HOME,45.5,-3.0
Jordan Love,Pittsburgh Steelers,Green Bay Packers,QB,Pass Yds,237.5,7,HOME,45.5,-3.0
Aaron Rodgers,Pittsburgh Steelers,Green Bay Packers,QB,Pass Yds,219.5,7,HOME,45.5,-3.0
Jonnu Smith,Pittsburgh Steelers,Green Bay Packers,WR,Rec Yds,32.5,7,HOME,45.5,-3.0
Romeo Doubs,Pittsburgh Steelers,Green Bay Packers,WR,Rec Yds,50.5,7,HOME,45.5,-3.0
DK Metcalf,Pittsburgh Steelers,Green Bay Packers,WR,Rec Yds,59.5,7,HOME,45.5,-3.0
Tucker Kraft,Pittsburgh Steelers,Green Bay Packers,WR,Rec Yds,48.5,7,HOME,45.5,-3.0
Josh Jacobs,Pittsburgh Steelers,Green Bay Packers,WR,Rec Yds,14.5,7,HOME,45.5,-3.0
Matthew Golden,Pittsburgh Steelers,Green Bay Packers,WR,Rec Yds,41.5,7,HOME,45.5,-3.0
DK Metcalf,Pittsburgh Steelers,Green Bay Packers,WR,Receptions,4.5,7,HOME,45.5,-3.0
Jonnu Smith,Pittsburgh Steelers,Green Bay Packers,WR,Receptions,3.5,7,HOME,45.5,-3.0
Matthew Golden,Pittsburgh Steelers,Green Bay Packers,WR,Receptions,3.5,7,HOME,45.5,-3.0
Romeo Doubs,Pittsburgh Steelers,Green Bay Packers,WR,Receptions,4.5,7,HOME,45.5,-3.0
Josh Jacobs,Pittsburgh Steelers,Green Bay Packers,WR,Receptions,2.5,7,HOME,45.5,-3.0
Kenneth Gainwell,Pittsburgh Steelers,Green Bay Packers,RB,Rush Yds,18.5,7,HOME,45.5,-3.0
Jaylen Warren,Pittsburgh Steelers,Green Bay Packers,RB,Rush Yds,56.5,7,HOME,45.5,-3.0
Josh Jacobs,Pittsburgh Steelers,Green Bay Packers,RB,Rush Yds,66.5,7,HOME,45.5,-3.0
Aaron Rodgers,Pittsburgh Steelers,Green Bay Packers,QB,Pass Att,32.5,7,HOME,45.5,-3.0
Jordan Love,Pittsburgh Steelers,Green Bay Packers,QB,Pass Att,31.5,7,HOME,45.5,-3.0
Aaron Rodgers,Pittsburgh Steelers,Green Bay Packers,QB,Pass Comp,21.5,7,HOME,45.5,-3.0
Jordan Love,Pittsburgh Steelers,Green Bay Packers,QB,Pass Comp,20.5,7,HOME,45.5,-3.0
Aaron Rodgers,Pittsburgh Steelers,Green Bay Packers,QB,Pass TDs,1.5,7,HOME,45.5,-3.0
Jordan Love,Pittsburgh Steelers,Green Bay Packers,QB,Pass TDs,1.5,7,HOME,45.5,-3.0
Jordan Love,Pittsburgh Steelers,Green Bay Packers,QB,Pass Yds,237.5,7,HOME,45.5,-3.0
Aaron Rodgers,Pittsburgh Steelers,Green Bay Packers,QB,Pass Yds,218.5,7,HOME,45.5,-3.0
Matthew Golden,Pittsburgh Steelers,Green Bay Packers,WR,Rec Yds,41.5,7,HOME,45.5,-3.0
Josh Jacobs,Pittsburgh Steelers,Green Bay Packers,WR,Rec Yds,14.5,7,HOME,45.5,-3.0
Romeo Doubs,Pittsburgh Steelers,Green Bay Packers,WR,Rec Yds,49.5,7,HOME,45.5,-3.0
DK Metcalf,Pittsburgh Steelers,Green Bay Packers,WR,Rec Yds,60.5,7,HOME,45.5,-3.0
Tucker Kraft,Pittsburgh Steelers,Green Bay Packers,WR,Rec Yds,48.5,7,HOME,45.5,-3.0
Jaylen Warren,Pittsburgh Steelers,Green Bay Packers,WR,Rec Yds,20.5,7,HOME,45.5,-3.0
Jonnu Smith,Pittsburgh Steelers,Green Bay Packers,WR,Rec Yds,32.5,7,HOME,45.5,-3.0
Romeo Doubs,Pittsburgh Steelers,Green Bay Packers,WR,Receptions,4.5,7,HOME,45.5,-3.0
DK Metcalf,Pittsburgh Steelers,Green Bay Packers,WR,Receptions,4.5,7,HOME,45.5,-3.0
Matthew Golden,Pittsburgh Steelers,Green Bay Packers,WR,Receptions,3.5,7,HOME,45.5,-3.0
Tucker Kraft,Pittsburgh Steelers,Green Bay Packers,WR,Receptions,4.5,7,HOME,45.5,-3.0
Jaylen Warren,Pittsburgh Steelers,Green Bay Packers,WR,Receptions,2.5,7,HOME,45.5,-3.0
Josh Jacobs,Pittsburgh Steelers,Green Bay Packers,WR,Receptions,2.5,7,HOME,45.5,-3.0
Jonnu Smith,Pittsburgh Steelers,Green Bay Packers,WR,Receptions,3.5,7,HOME,45.5,-3.0
Jaylen Warren,Pittsburgh Steelers,Green Bay Packers,RB,Rush Att,14.5,7,HOME,45.5,-3.0
Josh Jacobs,Pittsburgh Steelers,Green Bay Packers,RB,Rush Att,16.5,7,HOME,45.5,-3.0
Kenneth Gainwell,Pittsburgh Steelers,Green Bay Packers,RB,Rush Yds,18.5,7,HOME,45.5,-3.0
Josh Jacobs,Pittsburgh Steelers,Green Bay Packers,RB,Rush Yds,66.5,7,HOME,45.5,-3.0
Jaylen Warren,Pittsburgh Steelers,Green Bay Packers,RB,Rush Yds,56.5,7,HOME,45.5,-3.0
Jordan Love,Pittsburgh Steelers,Green Bay Packers,QB,Pass Att,31.5,7,HOME,45.5,-3.0
Aaron Rodgers,Pittsburgh Steelers,Green Bay Packers,QB,Pass Att,32.5,7,HOME,45.5,-3.0
Jordan Love,Pittsburgh Steelers,Green Bay Packers,QB,Pass Comp,20.5,7,HOME,45.5,-3.0
Aaron Rodgers,Pittsburgh Steelers,Green Bay Packers,QB,Pass Comp,21.5,7,HOME,45.5,-3.0
Jordan Love,Pittsburgh Steelers,Green Bay Packers,QB,Pass TDs,1.5,7,HOME,45.5,-3.0
Aaron Rodgers,Pittsburgh Steelers,Green Bay Packers,QB,Pass TDs,1.5,7,HOME,45.5,-3.0
Aaron Rodgers,Pittsburgh Steelers,Green Bay Packers,QB,Pass Yds,218.5,7,HOME,45.5,-3.0
Jordan Love,Pittsburgh Steelers,Green Bay Packers,QB,Pass Yds,237.5,7,HOME,45.5,-3.0
Romeo Doubs,Pittsburgh Steelers,Green Bay Packers,WR,Rec Yds,50.5,7,HOME,45.5,-3.0
Matthew Golden,Pittsburgh Steelers,Green Bay Packers,WR,Rec Yds,41.5,7,HOME,45.5,-3.0
Jonnu Smith,Pittsburgh Steelers,Green Bay Packers,WR,Rec Yds,32.5,7,HOME,45.5,-3.0
Tucker Kraft,Pittsburgh Steelers,Green Bay Packers,WR,Rec Yds,47.5,7,HOME,45.5,-3.0
DK Metcalf,Pittsburgh Steelers,Green Bay Packers,WR,Rec Yds,58.5,7,HOME,45.5,-3.0
Romeo Doubs,Pittsburgh Steelers,Green Bay Packers,WR,Receptions,4.5,7,HOME,45.5,-3.0
Tucker Kraft,Pittsburgh Steelers,Green Bay Packers,WR,Receptions,4.5,7,HOME,45.5,-3.0
DK Metcalf,Pittsburgh Steelers,Green Bay Packers,WR,Receptions,4.5,7,HOME,45.5,-3.0
Matthew Golden,Pittsburgh Steelers,Green Bay Packers,WR,Receptions,3.5,7,HOME,45.5,-3.0
Jonnu Smith,Pittsburgh Steelers,Green Bay Packers,WR,Receptions,3.5,7,HOME,45.5,-3.0
Jaylen Warren,Pittsburgh Steelers,Green Bay Packers,RB,Rush Att,14.5,7,HOME,45.5,-3.0
Josh Jacobs,Pittsburgh Steelers,Green Bay Packers,RB,Rush Att,16.5,7,HOME,45.5,-3.0
Jaylen Warren,Pittsburgh Steelers,Green Bay Packers,RB,Rush Yds,55.5,7,HOME,45.5,-3.0
Josh Jacobs,Pittsburgh Steelers,Green Bay Packers,RB,Rush Yds,67.5,7,HOME,45.5,-3.0
Jordan Love,Pittsburgh Steelers,Green Bay Packers,QB,Pass Att,31.5,7,HOME,45.5,-3.0
Aaron Rodgers,Pittsburgh Steelers,Green Bay Packers,QB,Pass Att,32.5,7,HOME,45.5,-3.0
Jordan Love,Pittsburgh Steelers,Green Bay Packers,QB,Pass Comp,20.5,7,HOME,45.5,-3.0
Aaron Rodgers,Pittsburgh Steelers,Green Bay Packers,QB,Pass Comp,21.5,7,HOME,45.5,-3.0
Aaron Rodgers,Pittsburgh Steelers,Green Bay Packers,QB,Pass TDs,1.5,7,HOME,45.5,-3.0
Jordan Love,Pittsburgh Steelers,Green Bay Packers,QB,Pass TDs,1.5,7,HOME,45.5,-3.0
Jordan Love,Pittsburgh Steelers,Green Bay Packers,QB,Pass Yds,236.5,7,HOME,45.5,-3.0
Aaron Rodgers,Pittsburgh Steelers,Green Bay Packers,QB,Pass Yds,219.5,7,HOME,45.5,-3.0
Jonnu Smith,Pittsburgh Steelers,Green Bay Packers,WR,Rec Yds,32.5,7,HOME,45.5,-3.0
DK Metcalf,Pittsburgh Steelers,Green Bay Packers,WR,Rec Yds,60.5,7,HOME,45.5,-3.0
Romeo Doubs,Pittsburgh Steelers,Green Bay Packers,WR,Rec Yds,50.5,7,HOME,45.5,-3.0
Tucker Kraft,Pittsburgh Steelers,Green Bay Packers,WR,Rec Yds,47.5,7,HOME,45.5,-3.0
Romeo Doubs,Pittsburgh Steelers,Green Bay Packers,WR,Receptions,4.5,7,HOME,45.5,-3.0
DK Metcalf,Pittsburgh Steelers,Green Bay Packers,WR,Receptions,4.5,7,HOME,45.5,-3.0
Jonnu Smith,Pittsburgh Steelers,Green Bay Packers,WR,Receptions,3.5,7,HOME,45.5,-3.0
Tucker Kraft,Pittsburgh Steelers,Green Bay Packers,WR,Receptions,4.5,7,HOME,45.5,-3.0
Josh Jacobs,Pittsburgh Steelers,Green Bay Packers,RB,Rush Att,16.5,7,HOME,45.5,-3.0
Jaylen Warren,Pittsburgh Steelers,Green Bay Packers,RB,Rush Att,14.5,7,HOME,45.5,-3.0
Jaylen Warren,Pittsburgh Steelers,Green Bay Packers,RB,Rush Yds,55.5,7,HOME,45.5,-3.0
Josh Jacobs,Pittsburgh Steelers,Green Bay Packers,RB,Rush Yds,68.5,7,HOME,45.5,-3.0
Aaron Rodgers,Pittsburgh Steelers,Green Bay Packers,QB,Pass Yds,220.5,7,HOME,45.5,-3.0
Jordan Love,Pittsburgh Steelers,Green Bay Packers,QB,Pass Yds,235.5,7,HOME,45.5,-3.0
Romeo Doubs,Pittsburgh Steelers,Green Bay Packers,WR,Rec Yds,50.5,7,HOME,45.5,-3.0
DK Metcalf,Pittsburgh Steelers,Green Bay Packers,WR,Rec Yds,60.5,7,HOME,45.5,-3.0
Matthew Golden,Pittsburgh Steelers,Green Bay Packers,WR,Rec Yds,40.5,7,HOME,45.5,-3.0
Jonnu Smith,Pittsburgh Steelers,Green Bay Packers,WR,Rec Yds,30.5,7,HOME,45.5,-3.0
Tucker Kraft,Pittsburgh Steelers,Green Bay Packers,WR,Rec Yds,45.5,7,HOME,45.5,-3.0
Josh Jacobs,Pittsburgh Steelers,Green Bay Packers,RB,Rush Yds,65.5,7,HOME,45.5,-3.0
Jaylen Warren,Pittsburgh Steelers,Green Bay Packers,RB,Rush Yds,55.5,7,HOME,45.5,-3.0
Patrick Mahomes,Kansas City Chiefs,Washington Commanders,QB,Pass Att,35.5,7,HOME,47.5,-12.5
Patrick Mahomes,Kansas City Chiefs,Washington Commanders,QB,Pass Comp,23.5,7,HOME,47.5,-12.5
Patrick Mahomes,Kansas City Chiefs,Washington Commanders,QB,Pass TDs,2.5,7,HOME,47.5,-12.5
Patrick Mahomes,Kansas City Chiefs,Washington Commanders,QB,Pass Yds,279.5,7,HOME,47.5,-12.5
Rashee Rice,Kansas City Chiefs,Washington Commanders,WR,Rec Yds,67.5,7,HOME,47.5,-12.5
Travis Kelce,Kansas City Chiefs,Washington Commanders,WR,Rec Yds,46.5,7,HOME,47.5,-12.5
Rashee Rice,Kansas City Chiefs,Washington Commanders,WR,Receptions,6.5,7,HOME,47.5,-12.5
Travis Kelce,Kansas City Chiefs,Washington Commanders,WR,Receptions,4.5,7,HOME,47.5,-12.5
Patrick Mahomes,Kansas City Chiefs,Washington Commanders,QB,Pass TDs,2.5,7,HOME,47.5,-12.5
Patrick Mahomes,Kansas City Chiefs,Washington Commanders,QB,Pass Yds,278.5,7,HOME,47.5,-12.5
Marcus Mariota,Kansas City Chiefs,Washington Commanders,QB,Pass Yds,199.5,7,HOME,47.5,-12.5
Rashee Rice,Kansas City Chiefs,Washington Commanders,WR,Rec Yds,68.5,7,HOME,47.5,-12.5
Travis Kelce,Kansas City Chiefs,Washington Commanders,WR,Rec Yds,46.5,7,HOME,47.5,-12.5
Rashee Rice,Kansas City Chiefs,Washington Commanders,WR,Receptions,5.5,7,HOME,47.5,-12.5
Travis Kelce,Kansas City Chiefs,Washington Commanders,WR,Receptions,4.5,7,HOME,47.5,-12.5
Patrick Mahomes,Kansas City Chiefs,Washington Commanders,QB,Pass Att,34.5,7,HOME,47.5,-12.5
Patrick Mahomes,Kansas City Chiefs,Washington Commanders,QB,Pass Comp,22.5,7,HOME,47.5,-12.5
Marcus Mariota,Kansas City Chiefs,Washington Commanders,QB,Pass TDs,1.5,7,HOME,47.5,-12.5
Patrick Mahomes,Kansas City Chiefs,Washington Commanders,QB,Pass TDs,2.5,7,HOME,47.5,-12.5
Marcus Mariota,Kansas City Chiefs,Washington Commanders,QB,Pass Yds,200.5,7,HOME,47.5,-12.5
Patrick Mahomes,Kansas City Chiefs,Washington Commanders,QB,Pass Yds,279.5,7,HOME,47.5,-12.5
Travis Kelce,Kansas City Chiefs,Washington Commanders,WR,Rec Yds,47.5,7,HOME,47.5,-12.5
Rashee Rice,Kansas City Chiefs,Washington Commanders,WR,Rec Yds,69.5,7,HOME,47.5,-12.5
Rashee Rice,Kansas City Chiefs,Washington Commanders,WR,Receptions,6.5,7,HOME,47.5,-12.5
Travis Kelce,Kansas City Chiefs,Washington Commanders,WR,Receptions,4.5,7,HOME,47.5,-12.5
Patrick Mahomes,Kansas City Chiefs,Washington Commanders,QB,Pass Att,34.5,7,HOME,47.5,-12.5
Patrick Mahomes,Kansas City Chiefs,Washington Commanders,QB,Pass Comp,22.5,7,HOME,47.5,-12.5
Marcus Mariota,Kansas City Chiefs,Washington Commanders,QB,Pass Yds,200.5,7,HOME,47.5,-12.5
Patrick Mahomes,Kansas City Chiefs,Washington Commanders,QB,Pass Yds,279.5,7,HOME,47.5,-12.5
Travis Kelce,Kansas City Chiefs,Washington Commanders,WR,Rec Yds,47.5,7,HOME,47.5,-12.5
Rashee Rice,Kansas City Chiefs,Washington Commanders,WR,Rec Yds,67.5,7,HOME,47.5,-12.5
Travis Kelce,Kansas City Chiefs,Washington Commanders,WR,Receptions,4.5,7,HOME,47.5,-12.5
Rashee Rice,Kansas City Chiefs,Washington Commanders,WR,Receptions,6.5,7,HOME,47.5,-12.5
Patrick Mahomes,Kansas City Chiefs,Washington Commanders,QB,Pass Att,34.5,7,HOME,47.5,-12.5
Patrick Mahomes,Kansas City Chiefs,Washington Commanders,QB,Pass Comp,22.5,7,HOME,47.5,-12.5
Patrick Mahomes,Kansas City Chiefs,Washington Commanders,QB,Pass TDs,2.5,7,HOME,47.5,-12.5
Patrick Mahomes,Kansas City Chiefs,Washington Commanders,QB,Pass Yds,280.5,7,HOME,47.5,-12.5
Rashee Rice,Kansas City Chiefs,Washington Commanders,WR,Rec Yds,69.5,7,HOME,47.5,-12.5
Travis Kelce,Kansas City Chiefs,Washington Commanders,WR,Rec Yds,48.5,7,HOME,47.5,-12.5
Travis Kelce,Kansas City Chiefs,Washington Commanders,WR,Receptions,4.5,7,HOME,47.5,-12.5
Rashee Rice,Kansas City Chiefs,Washington Commanders,WR,Receptions,6.5,7,HOME,47.5,-12.5
Patrick Mahomes,Kansas City Chiefs,Washington Commanders,QB,Pass Yds,280.5,7,HOME,47.5,-12.5
Marcus Mariota,Kansas City Chiefs,Washington Commanders,QB,Pass Yds,200.5,7,HOME,47.5,-12.5
Travis Kelce,Kansas City Chiefs,Washington Commanders,WR,Rec Yds,45.5,7,HOME,47.5,-12.5
Rashee Rice,Kansas City Chiefs,Washington Commanders,WR,Rec Yds,65.5,7,HOME,47.5,-12.5
