week,year,parlay_id,leg_number,parlay_type,was_bet_on,player_name,position,team,opponent,home_away,prop_type,line,prediction,leg_confidence,parlay_raw_confidence,correlation_adjustment,parlay_adjusted_confidence,dvoa_score,matchup_score,volume_score,injury_score,trend_score,gamescript_score,variance_score,weather_score,bet_result
12,2024,CUST_W12_daf007ad_v1,1,custom,False,josh allen,QB,BUF,HOU,UNKNOWN,Pass Completions,19.5,OVER,66.0,66.5,0,50.0,10.0,7.5,6.5,5.0,5.5,5.8,5.8,0.0,
12,2024,CUST_W12_daf007ad_v1,2,custom,False,khalil shakir,WR,BUF,HOU,UNKNOWN,Receptions,4.5,OVER,67.0,66.5,0,50.0,10.0,7.0,7.5,5.0,6.5,5.8,5.8,0.0,
12,2024,TRAD_W12_48264d19_v1,1,traditional,False,khalil shakir,WR,BUF,HOU,AWAY,Receptions,4.5,OVER,67.0,66.5,4,70.0,10.0,7.0,7.5,5.0,6.5,5.8,5.8,0.0,
12,2024,TRAD_W12_48264d19_v1,2,traditional,False,drake maye,QB,NE,CIN,AWAY,Pass Completions,20.5,OVER,66.0,66.5,4,70.0,10.0,7.5,6.5,5.0,5.5,5.8,5.8,0.0,
12,2024,TRAD_W12_3a79a58d_v1,1,traditional,False,brock purdy,QB,SF,CAR,HOME,Pass Yds,249.5,OVER,66.0,66.0,4,70.0,10.0,7.5,6.5,5.0,5.0,5.8,6.2,0.0,
12,2024,TRAD_W12_3a79a58d_v1,2,traditional,False,trevor lawrence,QB,JAC,ARI,AWAY,Pass Yds,213.5,OVER,66.0,66.0,4,70.0,10.0,7.5,6.5,5.0,5.0,5.8,6.2,0.0,
12,2024,TRAD_W12_ad26e61d_v1,1,traditional,False,josh allen,QB,BUF,HOU,AWAY,Pass Completions,19.5,OVER,66.0,65.5,4,69.0,10.0,7.5,6.5,5.0,5.5,5.8,5.8,0.0,
12,2024,TRAD_W12_ad26e61d_v1,2,traditional,False,alvin kamara,RB,NO,ATL,HOME,Rush Attempts,15.5,OVER,65.0,65.5,4,69.0,5.0,7.5,4.0,10.0,5.0,4.5,5.0,0.0,
12,2024,TRAD_W12_8410be44_v1,1,traditional,False,christian mccaffrey,WR,SF,CAR,HOME,Rec Yds,42.5,OVER,65.0,64.3,4,68.0,10.0,7.5,6.5,5.0,5.0,5.8,5.5,0.0,
12,2024,TRAD_W12_8410be44_v1,2,traditional,False,hunter henry,WR,NE,CIN,AWAY,Rec Yds,40.5,OVER,65.0,64.3,4,68.0,10.0,7.0,6.8,5.0,5.0,5.8,5.5,0.0,
12,2024,TRAD_W12_8410be44_v1,3,traditional,False,sam darnold,QB,SEA,TEN,AWAY,Pass Completions,19.5,OVER,63.0,64.3,4,68.0,7.8,6.5,7.5,5.0,6.5,5.8,5.8,0.0,
12,2024,TRAD_W12_4be2ed1d_v1,1,traditional,False,matthew golden,WR,GB,MIN,HOME,Receptions,2.5,OVER,63.0,63.0,4,67.0,3.1,6.0,7.5,10.0,6.5,4.2,4.2,0.0,
12,2024,TRAD_W12_4be2ed1d_v1,2,traditional,False,tetairoa mcmillan,WR,CAR,SF,AWAY,Rec Yds,59.5,OVER,63.0,63.0,4,67.0,9.2,6.2,7.2,5.0,5.0,5.8,5.5,0.0,
12,2024,TRAD_W12_4be2ed1d_v1,3,traditional,False,jared goff,QB,DET,NYG,HOME,Pass Yds,258.5,OVER,63.0,63.0,4,67.0,8.0,7.5,6.5,5.0,5.0,5.8,6.2,0.0,
12,2024,TRAD_W12_a427f799_v1,1,traditional,False,brian thomas jr,WR,JAC,ARI,AWAY,Receptions,4.5,OVER,63.0,62.7,4,66.0,10.0,6.2,5.0,5.0,5.5,5.8,5.8,0.0,
12,2024,TRAD_W12_a427f799_v1,2,traditional,False,tyrell shavers,WR,BUF,HOU,AWAY,Receptions,1.5,OVER,63.0,62.7,4,66.0,10.0,6.2,4.5,5.0,6.5,5.8,5.8,0.0,
12,2024,TRAD_W12_a427f799_v1,3,traditional,False,bryce young,QB,CAR,SF,AWAY,Pass Yds,200.5,OVER,62.0,62.7,4,66.0,9.7,5.0,6.5,5.0,5.0,5.8,6.2,0.0,
12,2024,TRAD_W12_7a711f6a_v1,1,traditional,False,travis etienne jr,WR,JAC,ARI,AWAY,Rec Yds,13.5,OVER,62.0,61.5,4,65.0,10.0,6.2,5.0,5.0,5.0,5.8,5.5,0.0,
12,2024,TRAD_W12_7a711f6a_v1,2,traditional,False,joshua palmer,WR,BUF,HOU,AWAY,Rec Yds,27.5,OVER,62.0,61.5,4,65.0,10.0,6.2,5.0,5.0,5.0,5.8,5.5,0.0,
12,2024,TRAD_W12_7a711f6a_v1,3,traditional,False,chase brown,WR,CIN,NE,HOME,Receptions,4.5,OVER,61.0,61.5,4,65.0,5.7,7.5,8.2,5.0,6.5,5.8,5.8,0.0,
12,2024,TRAD_W12_7a711f6a_v1,4,traditional,False,christian watson,WR,GB,MIN,HOME,Rec Yds,50.5,OVER,61.0,61.5,4,65.0,3.1,6.0,6.0,10.0,5.0,4.2,4.5,0.0,
12,2024,TRAD_W12_eb4bc42d_v1,1,traditional,False,dontayvion wicks,WR,GB,MIN,HOME,Rec Yds,20.5,OVER,61.0,60.8,4,64.0,3.1,6.0,6.5,10.0,5.0,4.2,4.5,0.0,
12,2024,TRAD_W12_eb4bc42d_v1,2,traditional,False,aj barner,WR,SEA,TEN,AWAY,Receptions,3.5,OVER,61.0,60.8,4,64.0,7.3,7.0,6.8,5.0,5.5,5.8,5.8,0.0,
12,2024,TRAD_W12_eb4bc42d_v1,3,traditional,False,ty johnson,WR,BUF,HOU,AWAY,Rec Yds,8.5,OVER,61.0,60.8,4,64.0,10.0,6.2,4.5,5.0,5.0,5.8,5.5,0.0,
12,2024,TRAD_W12_eb4bc42d_v1,4,traditional,False,aj brown,WR,PHI,DAL,AWAY,Receptions,4.5,OVER,60.0,60.8,4,64.0,6.9,6.2,7.2,5.0,5.5,5.8,5.8,0.0,
12,2024,TRAD_W12_fba07694_v1,1,traditional,False,dak prescott,QB,DAL,PHI,HOME,player_pass_attempts,35.5,OVER,60.0,60.0,4,64.0,3.0,7.0,3.5,10.0,4.5,4.2,5.0,0.0,
12,2024,TRAD_W12_fba07694_v1,2,traditional,False,jaxson dart,QB,NYG,DET,AWAY,Pass TDs,1.5,OVER,60.0,60.0,4,64.0,4.2,7.0,2.5,10.0,3.5,4.2,5.5,0.0,
12,2024,TRAD_W12_fba07694_v1,3,traditional,False,devonta smith,WR,PHI,DAL,AWAY,Receptions,4.5,OVER,60.0,60.0,4,64.0,6.9,7.5,5.8,5.0,5.5,5.8,5.8,0.0,
12,2024,TRAD_W12_fba07694_v1,4,traditional,False,jaxon smith-njigba,WR,SEA,TEN,AWAY,Rec Yds,92.5,OVER,60.0,60.0,4,64.0,7.3,7.5,6.2,5.0,5.0,5.8,5.5,0.0,
12,2024,TRAD_W12_ba99ba77_v1,1,traditional,False,romeo doubs,WR,GB,MIN,HOME,Rec Yds,50.5,OVER,60.0,59.4,4,63.0,3.1,7.0,3.5,10.0,5.0,4.2,4.5,0.0,
12,2024,TRAD_W12_ba99ba77_v1,2,traditional,False,cooper kupp,WR,SEA,TEN,AWAY,Receptions,2.5,OVER,60.0,59.4,4,63.0,7.3,7.0,5.8,5.0,5.5,5.8,5.8,0.0,
12,2024,TRAD_W12_ba99ba77_v1,3,traditional,False,josh downs,WR,IND,KC,AWAY,Receptions,3.5,OVER,59.0,59.4,4,63.0,5.0,7.5,6.8,5.0,6.5,5.8,5.8,0.0,
12,2024,TRAD_W12_ba99ba77_v1,4,traditional,False,zay flowers,WR,BAL,NYJ,HOME,Receptions,4.5,OVER,59.0,59.4,4,63.0,6.4,7.0,5.8,5.0,5.5,5.8,5.8,0.0,
12,2024,TRAD_W12_ba99ba77_v1,5,traditional,False,xavier worthy,WR,KC,IND,HOME,Rec Yds,41.5,OVER,59.0,59.4,4,63.0,5.0,5.0,3.2,10.0,5.0,4.2,4.5,0.0,
12,2024,parlay_1763598599824,1,generated,False,khalil shakir,Unknown,BUF,Unknown,AWAY,Receptions,4.5,OVER,66.0,66.0,0,66.0,0.0,0.0,0.0,0.0,0.0,0.0,0.0,0.0,
12,2024,parlay_1763598599824,2,generated,False,brock purdy,Unknown,SF,Unknown,AWAY,Pass Yds,249.5,OVER,66.0,66.0,0,66.0,0.0,0.0,0.0,0.0,0.0,0.0,0.0,0.0,
12,2024,parlay_1763598599856,1,generated,False,trevor lawrence,Unknown,JAC,Unknown,AWAY,Pass Yds,213.5,OVER,66.0,66.0,0,66.0,0.0,0.0,0.0,0.0,0.0,0.0,0.0,0.0,
12,2024,parlay_1763598599856,2,generated,False,drake maye,Unknown,NE,Unknown,AWAY,Pass Completions,20.5,OVER,66.0,66.0,0,66.0,0.0,0.0,0.0,0.0,0.0,0.0,0.0,0.0,
12,2024,parlay_1763598599873,1,generated,False,hunter henry,Unknown,NE,Unknown,AWAY,Rec Yds,40.5,OVER,65.0,65.0,0,65.0,0.0,0.0,0.0,0.0,0.0,0.0,0.0,0.0,
12,2024,parlay_1763598599873,2,generated,False,josh allen,Unknown,BUF,Unknown,AWAY,Pass Completions,19.5,OVER,65.0,65.0,0,65.0,0.0,0.0,0.0,0.0,0.0,0.0,0.0,0.0,
12,2024,parlay_1763598599891,1,generated,False,alvin kamara,Unknown,NO,Unknown,AWAY,Rush Attempts,15.5,UNDER,65.0,65.0,0,65.0,0.0,0.0,0.0,0.0,0.0,0.0,0.0,0.0,
12,2024,parlay_1763598599891,2,generated,False,christian mccaffrey,Unknown,SF,Unknown,AWAY,Rec Yds,42.5,OVER,65.0,65.0,0,65.0,0.0,0.0,0.0,0.0,0.0,0.0,0.0,0.0,
12,2024,parlay_1763598599904,1,generated,False,tetairoa mcmillan,Unknown,CAR,Unknown,AWAY,Rec Yds,59.5,OVER,63.0,63.0,0,63.0,0.0,0.0,0.0,0.0,0.0,0.0,0.0,0.0,
12,2024,parlay_1763598599904,2,generated,False,jared goff,Unknown,DET,Unknown,AWAY,Pass Yds,258.5,OVER,63.0,63.0,0,63.0,0.0,0.0,0.0,0.0,0.0,0.0,0.0,0.0,
12,2024,parlay_1763598599904,3,generated,False,brian thomas jr,Unknown,JAC,Unknown,AWAY,Receptions,4.5,OVER,63.0,63.0,0,63.0,0.0,0.0,0.0,0.0,0.0,0.0,0.0,0.0,
12,2024,parlay_1763598599916,1,generated,False,matthew golden,Unknown,GB,Unknown,AWAY,Receptions,2.5,UNDER,63.0,63.0,0,63.0,0.0,0.0,0.0,0.0,0.0,0.0,0.0,0.0,
12,2024,parlay_1763598599916,2,generated,False,tyrell shavers,Unknown,BUF,Unknown,AWAY,Receptions,1.5,OVER,63.0,63.0,0,63.0,0.0,0.0,0.0,0.0,0.0,0.0,0.0,0.0,
12,2024,parlay_1763598599916,3,generated,False,sam darnold,Unknown,SEA,Unknown,AWAY,Pass Completions,19.5,OVER,63.0,63.0,0,63.0,0.0,0.0,0.0,0.0,0.0,0.0,0.0,0.0,
12,2024,parlay_1763598599929,1,generated,False,travis etienne jr,Unknown,JAC,Unknown,AWAY,Rec Yds,13.5,OVER,62.0,62.0,0,62.0,0.0,0.0,0.0,0.0,0.0,0.0,0.0,0.0,
12,2024,parlay_1763598599929,2,generated,False,bryce young,Unknown,CAR,Unknown,AWAY,Pass Yds,200.5,OVER,62.0,62.0,0,62.0,0.0,0.0,0.0,0.0,0.0,0.0,0.0,0.0,
12,2024,parlay_1763598599929,3,generated,False,joshua palmer,Unknown,BUF,Unknown,AWAY,Receptions,2.5,OVER,62.0,62.0,0,62.0,0.0,0.0,0.0,0.0,0.0,0.0,0.0,0.0,
12,2024,parlay_1763598599941,1,generated,False,ty johnson,Unknown,BUF,Unknown,AWAY,Rec Yds,8.5,OVER,61.0,61.0,0,61.0,0.0,0.0,0.0,0.0,0.0,0.0,0.0,0.0,
12,2024,parlay_1763598599941,2,generated,False,aj barner,Unknown,SEA,Unknown,AWAY,Receptions,3.5,OVER,61.0,61.0,0,61.0,0.0,0.0,0.0,0.0,0.0,0.0,0.0,0.0,
12,2024,parlay_1763598599941,3,generated,False,dontayvion wicks,Unknown,GB,Unknown,AWAY,Rec Yds,20.5,UNDER,61.0,61.0,0,61.0,0.0,0.0,0.0,0.0,0.0,0.0,0.0,0.0,
12,2024,parlay_1763598599953,1,generated,False,jaxson dart,Unknown,NYG,Unknown,AWAY,Pass TDs,1.5,UNDER,60.0,60.0,0,60.0,0.0,0.0,0.0,0.0,0.0,0.0,0.0,0.0,
12,2024,parlay_1763598599953,2,generated,False,chase brown,Unknown,CIN,Unknown,AWAY,Receptions,4.5,OVER,60.0,60.0,0,60.0,0.0,0.0,0.0,0.0,0.0,0.0,0.0,0.0,
12,2024,parlay_1763598599953,3,generated,False,christian watson,Unknown,GB,Unknown,AWAY,Receptions,3.5,UNDER,60.0,60.0,0,60.0,0.0,0.0,0.0,0.0,0.0,0.0,0.0,0.0,
12,2024,parlay_1763598599953,4,generated,False,aj brown,Unknown,PHI,Unknown,AWAY,Receptions,4.5,OVER,60.0,60.0,0,60.0,0.0,0.0,0.0,0.0,0.0,0.0,0.0,0.0,
12,2024,parlay_1763598599966,1,generated,False,devonta smith,Unknown,PHI,Unknown,AWAY,Receptions,4.5,OVER,60.0,60.0,0,60.0,0.0,0.0,0.0,0.0,0.0,0.0,0.0,0.0,
12,2024,parlay_1763598599966,2,generated,False,romeo doubs,Unknown,GB,Unknown,AWAY,Rec Yds,50.5,UNDER,60.0,60.0,0,60.0,0.0,0.0,0.0,0.0,0.0,0.0,0.0,0.0,
12,2024,parlay_1763598599966,3,generated,False,jaxon smith-njigba,Unknown,SEA,Unknown,AWAY,Receptions,7.5,OVER,60.0,60.0,0,60.0,0.0,0.0,0.0,0.0,0.0,0.0,0.0,0.0,
12,2024,parlay_1763598599966,4,generated,False,cooper kupp,Unknown,SEA,Unknown,AWAY,Receptions,2.5,OVER,60.0,60.0,0,60.0,0.0,0.0,0.0,0.0,0.0,0.0,0.0,0.0,
12,2024,parlay_1763603312342,1,generated,False,khalil shakir,Unknown,BUF,Unknown,AWAY,Receptions,4.5,OVER,66.0,66.0,0,66.0,0.0,0.0,0.0,0.0,0.0,0.0,0.0,0.0,
12,2024,parlay_1763603312342,2,generated,False,trevor lawrence,Unknown,JAC,Unknown,AWAY,Pass Yds,213.5,OVER,66.0,66.0,0,66.0,0.0,0.0,0.0,0.0,0.0,0.0,0.0,0.0,
12,2024,parlay_1763603312379,1,generated,False,brock purdy,Unknown,SF,Unknown,AWAY,Pass Yds,249.5,OVER,66.0,66.0,0,66.0,0.0,0.0,0.0,0.0,0.0,0.0,0.0,0.0,
12,2024,parlay_1763603312379,2,generated,False,drake maye,Unknown,NE,Unknown,AWAY,Pass Completions,20.5,OVER,66.0,66.0,0,66.0,0.0,0.0,0.0,0.0,0.0,0.0,0.0,0.0,
12,2024,parlay_1763603312393,1,generated,False,hunter henry,Unknown,NE,Unknown,AWAY,Rec Yds,40.5,OVER,65.0,65.0,0,65.0,0.0,0.0,0.0,0.0,0.0,0.0,0.0,0.0,
12,2024,parlay_1763603312393,2,generated,False,alvin kamara,Unknown,NO,Unknown,AWAY,Rush Attempts,15.5,UNDER,65.0,65.0,0,65.0,0.0,0.0,0.0,0.0,0.0,0.0,0.0,0.0,
12,2024,parlay_1763603312406,1,generated,False,josh allen,Unknown,BUF,Unknown,AWAY,Pass Completions,19.5,OVER,65.0,65.0,0,65.0,0.0,0.0,0.0,0.0,0.0,0.0,0.0,0.0,
12,2024,parlay_1763603312406,2,generated,False,christian mccaffrey,Unknown,SF,Unknown,AWAY,Rec Yds,42.5,OVER,65.0,65.0,0,65.0,0.0,0.0,0.0,0.0,0.0,0.0,0.0,0.0,
12,2024,parlay_1763603312419,1,generated,False,tetairoa mcmillan,Unknown,CAR,Unknown,AWAY,Rec Yds,59.5,OVER,63.0,63.0,0,63.0,0.0,0.0,0.0,0.0,0.0,0.0,0.0,0.0,
12,2024,parlay_1763603312419,2,generated,False,jared goff,Unknown,DET,Unknown,AWAY,Pass Yds,258.5,OVER,63.0,63.0,0,63.0,0.0,0.0,0.0,0.0,0.0,0.0,0.0,0.0,
12,2024,parlay_1763603312419,3,generated,False,brian thomas jr,Unknown,JAC,Unknown,AWAY,Receptions,4.5,OVER,63.0,63.0,0,63.0,0.0,0.0,0.0,0.0,0.0,0.0,0.0,0.0,
12,2024,parlay_1763603312432,1,generated,False,matthew golden,Unknown,GB,Unknown,AWAY,Receptions,2.5,UNDER,63.0,63.0,0,63.0,0.0,0.0,0.0,0.0,0.0,0.0,0.0,0.0,
12,2024,parlay_1763603312432,2,generated,False,tyrell shavers,Unknown,BUF,Unknown,AWAY,Receptions,1.5,OVER,63.0,63.0,0,63.0,0.0,0.0,0.0,0.0,0.0,0.0,0.0,0.0,
12,2024,parlay_1763603312432,3,generated,False,sam darnold,Unknown,SEA,Unknown,AWAY,Pass Completions,19.5,OVER,63.0,63.0,0,63.0,0.0,0.0,0.0,0.0,0.0,0.0,0.0,0.0,
12,2024,parlay_1763603312445,1,generated,False,travis etienne jr,Unknown,JAC,Unknown,AWAY,Rec Yds,13.5,OVER,62.0,62.0,0,62.0,0.0,0.0,0.0,0.0,0.0,0.0,0.0,0.0,
12,2024,parlay_1763603312445,2,generated,False,bryce young,Unknown,CAR,Unknown,AWAY,Pass Yds,200.5,OVER,62.0,62.0,0,62.0,0.0,0.0,0.0,0.0,0.0,0.0,0.0,0.0,
12,2024,parlay_1763603312445,3,generated,False,joshua palmer,Unknown,BUF,Unknown,AWAY,Receptions,2.5,OVER,62.0,62.0,0,62.0,0.0,0.0,0.0,0.0,0.0,0.0,0.0,0.0,
12,2024,parlay_1763603312459,1,generated,False,ty johnson,Unknown,BUF,Unknown,AWAY,Rec Yds,8.5,OVER,61.0,61.0,0,61.0,0.0,0.0,0.0,0.0,0.0,0.0,0.0,0.0,
12,2024,parlay_1763603312459,2,generated,False,aj barner,Unknown,SEA,Unknown,AWAY,Receptions,3.5,OVER,61.0,61.0,0,61.0,0.0,0.0,0.0,0.0,0.0,0.0,0.0,0.0,
12,2024,parlay_1763603312459,3,generated,False,dontayvion wicks,Unknown,GB,Unknown,AWAY,Rec Yds,20.5,UNDER,61.0,61.0,0,61.0,0.0,0.0,0.0,0.0,0.0,0.0,0.0,0.0,
12,2024,parlay_1763603312472,1,generated,False,jaxson dart,Unknown,NYG,Unknown,AWAY,Pass TDs,1.5,UNDER,60.0,60.0,0,60.0,0.0,0.0,0.0,0.0,0.0,0.0,0.0,0.0,
12,2024,parlay_1763603312472,2,generated,False,chase brown,Unknown,CIN,Unknown,AWAY,Receptions,4.5,OVER,60.0,60.0,0,60.0,0.0,0.0,0.0,0.0,0.0,0.0,0.0,0.0,
12,2024,parlay_1763603312472,3,generated,False,christian watson,Unknown,GB,Unknown,AWAY,Receptions,3.5,UNDER,60.0,60.0,0,60.0,0.0,0.0,0.0,0.0,0.0,0.0,0.0,0.0,
12,2024,parlay_1763603312472,4,generated,False,aj brown,Unknown,PHI,Unknown,AWAY,Receptions,4.5,OVER,60.0,60.0,0,60.0,0.0,0.0,0.0,0.0,0.0,0.0,0.0,0.0,
12,2024,parlay_1763603312485,1,generated,False,devonta smith,Unknown,PHI,Unknown,AWAY,Receptions,4.5,OVER,60.0,60.0,0,60.0,0.0,0.0,0.0,0.0,0.0,0.0,0.0,0.0,
12,2024,parlay_1763603312485,2,generated,False,romeo doubs,Unknown,GB,Unknown,AWAY,Rec Yds,50.5,UNDER,60.0,60.0,0,60.0,0.0,0.0,0.0,0.0,0.0,0.0,0.0,0.0,
12,2024,parlay_1763603312485,3,generated,False,jaxon smith-njigba,Unknown,SEA,Unknown,AWAY,Receptions,7.5,OVER,60.0,60.0,0,60.0,0.0,0.0,0.0,0.0,0.0,0.0,0.0,0.0,
12,2024,parlay_1763603312485,4,generated,False,cooper kupp,Unknown,SEA,Unknown,AWAY,Receptions,2.5,OVER,60.0,60.0,0,60.0,0.0,0.0,0.0,0.0,0.0,0.0,0.0,0.0,
12,2024,parlay_1763606246994,1,generated,False,khalil shakir,Unknown,BUF,Unknown,AWAY,Receptions,4.5,OVER,66.0,66.0,0,66.0,0.0,0.0,0.0,0.0,0.0,0.0,0.0,0.0,
12,2024,parlay_1763606246994,2,generated,False,trevor lawrence,Unknown,JAC,Unknown,AWAY,Pass Yds,213.5,OVER,66.0,66.0,0,66.0,0.0,0.0,0.0,0.0,0.0,0.0,0.0,0.0,
12,2024,parlay_1763606247036,1,generated,False,brock purdy,Unknown,SF,Unknown,AWAY,Pass Yds,249.5,OVER,66.0,66.0,0,66.0,0.0,0.0,0.0,0.0,0.0,0.0,0.0,0.0,
12,2024,parlay_1763606247036,2,generated,False,drake maye,Unknown,NE,Unknown,AWAY,Pass Completions,20.5,OVER,66.0,66.0,0,66.0,0.0,0.0,0.0,0.0,0.0,0.0,0.0,0.0,
12,2024,parlay_1763606247049,1,generated,False,hunter henry,Unknown,NE,Unknown,AWAY,Rec Yds,40.5,OVER,65.0,65.0,0,65.0,0.0,0.0,0.0,0.0,0.0,0.0,0.0,0.0,
12,2024,parlay_1763606247049,2,generated,False,alvin kamara,Unknown,NO,Unknown,AWAY,Rush Attempts,15.5,UNDER,65.0,65.0,0,65.0,0.0,0.0,0.0,0.0,0.0,0.0,0.0,0.0,
12,2024,parlay_1763606247065,1,generated,False,josh allen,Unknown,BUF,Unknown,AWAY,Pass Completions,19.5,OVER,65.0,65.0,0,65.0,0.0,0.0,0.0,0.0,0.0,0.0,0.0,0.0,
12,2024,parlay_1763606247065,2,generated,False,christian mccaffrey,Unknown,SF,Unknown,AWAY,Rec Yds,42.5,OVER,65.0,65.0,0,65.0,0.0,0.0,0.0,0.0,0.0,0.0,0.0,0.0,
12,2024,parlay_1763606247080,1,generated,False,tetairoa mcmillan,Unknown,CAR,Unknown,AWAY,Rec Yds,59.5,OVER,63.0,63.0,0,63.0,0.0,0.0,0.0,0.0,0.0,0.0,0.0,0.0,
12,2024,parlay_1763606247080,2,generated,False,jared goff,Unknown,DET,Unknown,AWAY,Pass Yds,258.5,OVER,63.0,63.0,0,63.0,0.0,0.0,0.0,0.0,0.0,0.0,0.0,0.0,
12,2024,parlay_1763606247080,3,generated,False,brian thomas jr,Unknown,JAC,Unknown,AWAY,Receptions,4.5,OVER,63.0,63.0,0,63.0,0.0,0.0,0.0,0.0,0.0,0.0,0.0,0.0,
12,2024,parlay_1763606247093,1,generated,False,matthew golden,Unknown,GB,Unknown,AWAY,Receptions,2.5,UNDER,63.0,63.0,0,63.0,0.0,0.0,0.0,0.0,0.0,0.0,0.0,0.0,
12,2024,parlay_1763606247093,2,generated,False,tyrell shavers,Unknown,BUF,Unknown,AWAY,Receptions,1.5,OVER,63.0,63.0,0,63.0,0.0,0.0,0.0,0.0,0.0,0.0,0.0,0.0,
12,2024,parlay_1763606247093,3,generated,False,sam darnold,Unknown,SEA,Unknown,AWAY,Pass Completions,19.5,OVER,63.0,63.0,0,63.0,0.0,0.0,0.0,0.0,0.0,0.0,0.0,0.0,
12,2024,parlay_1763606247107,1,generated,False,travis etienne jr,Unknown,JAC,Unknown,AWAY,Rec Yds,13.5,OVER,62.0,62.0,0,62.0,0.0,0.0,0.0,0.0,0.0,0.0,0.0,0.0,
12,2024,parlay_1763606247107,2,generated,False,bryce young,Unknown,CAR,Unknown,AWAY,Pass Yds,200.5,OVER,62.0,62.0,0,62.0,0.0,0.0,0.0,0.0,0.0,0.0,0.0,0.0,
12,2024,parlay_1763606247107,3,generated,False,joshua palmer,Unknown,BUF,Unknown,AWAY,Receptions,2.5,OVER,62.0,62.0,0,62.0,0.0,0.0,0.0,0.0,0.0,0.0,0.0,0.0,
12,2024,parlay_1763606247120,1,generated,False,ty johnson,Unknown,BUF,Unknown,AWAY,Rec Yds,8.5,OVER,61.0,61.0,0,61.0,0.0,0.0,0.0,0.0,0.0,0.0,0.0,0.0,
12,2024,parlay_1763606247120,2,generated,False,aj barner,Unknown,SEA,Unknown,AWAY,Receptions,3.5,OVER,61.0,61.0,0,61.0,0.0,0.0,0.0,0.0,0.0,0.0,0.0,0.0,
12,2024,parlay_1763606247120,3,generated,False,dontayvion wicks,Unknown,GB,Unknown,AWAY,Rec Yds,20.5,UNDER,61.0,61.0,0,61.0,0.0,0.0,0.0,0.0,0.0,0.0,0.0,0.0,
12,2024,parlay_1763606247132,1,generated,False,jaxson dart,Unknown,NYG,Unknown,AWAY,Pass TDs,1.5,UNDER,60.0,60.0,0,60.0,0.0,0.0,0.0,0.0,0.0,0.0,0.0,0.0,
12,2024,parlay_1763606247132,2,generated,False,chase brown,Unknown,CIN,Unknown,AWAY,Receptions,4.5,OVER,60.0,60.0,0,60.0,0.0,0.0,0.0,0.0,0.0,0.0,0.0,0.0,
12,2024,parlay_1763606247132,3,generated,False,christian watson,Unknown,GB,Unknown,AWAY,Receptions,3.5,UNDER,60.0,60.0,0,60.0,0.0,0.0,0.0,0.0,0.0,0.0,0.0,0.0,
12,2024,parlay_1763606247132,4,generated,False,aj brown,Unknown,PHI,Unknown,AWAY,Receptions,4.5,OVER,60.0,60.0,0,60.0,0.0,0.0,0.0,0.0,0.0,0.0,0.0,0.0,
12,2024,parlay_1763606247144,1,generated,False,devonta smith,Unknown,PHI,Unknown,AWAY,Receptions,4.5,OVER,60.0,60.0,0,60.0,0.0,0.0,0.0,0.0,0.0,0.0,0.0,0.0,
12,2024,parlay_1763606247144,2,generated,False,romeo doubs,Unknown,GB,Unknown,AWAY,Rec Yds,50.5,UNDER,60.0,60.0,0,60.0,0.0,0.0,0.0,0.0,0.0,0.0,0.0,0.0,
12,2024,parlay_1763606247144,3,generated,False,jaxon smith-njigba,Unknown,SEA,Unknown,AWAY,Receptions,7.5,OVER,60.0,60.0,0,60.0,0.0,0.0,0.0,0.0,0.0,0.0,0.0,0.0,
12,2024,parlay_1763606247144,4,generated,False,cooper kupp,Unknown,SEA,Unknown,AWAY,Receptions,2.5,OVER,60.0,60.0,0,60.0,0.0,0.0,0.0,0.0,0.0,0.0,0.0,0.0,
12,2024,parlay_1763675947955,1,generated,False,khalil shakir,Unknown,BUF,Unknown,AWAY,Receptions,4.5,OVER,66.0,66.0,0,66.0,0.0,0.0,0.0,0.0,0.0,0.0,0.0,0.0,
12,2024,parlay_1763675947955,2,generated,False,trevor lawrence,Unknown,JAC,Unknown,AWAY,Pass Yds,213.5,OVER,66.0,66.0,0,66.0,0.0,0.0,0.0,0.0,0.0,0.0,0.0,0.0,
12,2024,parlay_1763675947984,1,generated,False,brock purdy,Unknown,SF,Unknown,AWAY,Pass Yds,249.5,OVER,66.0,66.0,0,66.0,0.0,0.0,0.0,0.0,0.0,0.0,0.0,0.0,
12,2024,parlay_1763675947984,2,generated,False,drake maye,Unknown,NE,Unknown,AWAY,Pass Completions,20.5,OVER,66.0,66.0,0,66.0,0.0,0.0,0.0,0.0,0.0,0.0,0.0,0.0,
12,2024,parlay_1763675947996,1,generated,False,hunter henry,Unknown,NE,Unknown,AWAY,Rec Yds,40.5,OVER,65.0,65.0,0,65.0,0.0,0.0,0.0,0.0,0.0,0.0,0.0,0.0,
12,2024,parlay_1763675947996,2,generated,False,alvin kamara,Unknown,NO,Unknown,AWAY,Rush Attempts,15.5,UNDER,65.0,65.0,0,65.0,0.0,0.0,0.0,0.0,0.0,0.0,0.0,0.0,
12,2024,parlay_1763675948008,1,generated,False,josh allen,Unknown,BUF,Unknown,AWAY,Pass Completions,19.5,OVER,65.0,65.0,0,65.0,0.0,0.0,0.0,0.0,0.0,0.0,0.0,0.0,
12,2024,parlay_1763675948008,2,generated,False,christian mccaffrey,Unknown,SF,Unknown,AWAY,Rec Yds,42.5,OVER,65.0,65.0,0,65.0,0.0,0.0,0.0,0.0,0.0,0.0,0.0,0.0,
12,2024,parlay_1763675948021,1,generated,False,tetairoa mcmillan,Unknown,CAR,Unknown,AWAY,Rec Yds,59.5,OVER,63.0,63.0,0,63.0,0.0,0.0,0.0,0.0,0.0,0.0,0.0,0.0,
12,2024,parlay_1763675948021,2,generated,False,jared goff,Unknown,DET,Unknown,AWAY,Pass Yds,258.5,OVER,63.0,63.0,0,63.0,0.0,0.0,0.0,0.0,0.0,0.0,0.0,0.0,
12,2024,parlay_1763675948021,3,generated,False,brian thomas jr,Unknown,JAC,Unknown,AWAY,Receptions,4.5,OVER,63.0,63.0,0,63.0,0.0,0.0,0.0,0.0,0.0,0.0,0.0,0.0,
12,2024,parlay_1763675948033,1,generated,False,matthew golden,Unknown,GB,Unknown,AWAY,Receptions,2.5,UNDER,63.0,63.0,0,63.0,0.0,0.0,0.0,0.0,0.0,0.0,0.0,0.0,
12,2024,parlay_1763675948033,2,generated,False,tyrell shavers,Unknown,BUF,Unknown,AWAY,Receptions,1.5,OVER,63.0,63.0,0,63.0,0.0,0.0,0.0,0.0,0.0,0.0,0.0,0.0,
12,2024,parlay_1763675948033,3,generated,False,sam darnold,Unknown,SEA,Unknown,AWAY,Pass Completions,19.5,OVER,63.0,63.0,0,63.0,0.0,0.0,0.0,0.0,0.0,0.0,0.0,0.0,
12,2024,parlay_1763675948044,1,generated,False,travis etienne jr,Unknown,JAC,Unknown,AWAY,Rec Yds,13.5,OVER,62.0,62.0,0,62.0,0.0,0.0,0.0,0.0,0.0,0.0,0.0,0.0,
12,2024,parlay_1763675948044,2,generated,False,bryce young,Unknown,CAR,Unknown,AWAY,Pass Yds,200.5,OVER,62.0,62.0,0,62.0,0.0,0.0,0.0,0.0,0.0,0.0,0.0,0.0,
12,2024,parlay_1763675948044,3,generated,False,joshua palmer,Unknown,BUF,Unknown,AWAY,Receptions,2.5,OVER,62.0,62.0,0,62.0,0.0,0.0,0.0,0.0,0.0,0.0,0.0,0.0,
12,2024,parlay_1763675948055,1,generated,False,ty johnson,Unknown,BUF,Unknown,AWAY,Rec Yds,8.5,OVER,61.0,61.0,0,61.0,0.0,0.0,0.0,0.0,0.0,0.0,0.0,0.0,
12,2024,parlay_1763675948055,2,generated,False,aj barner,Unknown,SEA,Unknown,AWAY,Receptions,3.5,OVER,61.0,61.0,0,61.0,0.0,0.0,0.0,0.0,0.0,0.0,0.0,0.0,
12,2024,parlay_1763675948055,3,generated,False,dontayvion wicks,Unknown,GB,Unknown,AWAY,Rec Yds,20.5,UNDER,61.0,61.0,0,61.0,0.0,0.0,0.0,0.0,0.0,0.0,0.0,0.0,
12,2024,parlay_1763675948068,1,generated,False,jaxson dart,Unknown,NYG,Unknown,AWAY,Pass TDs,1.5,UNDER,60.0,60.0,0,60.0,0.0,0.0,0.0,0.0,0.0,0.0,0.0,0.0,
12,2024,parlay_1763675948068,2,generated,False,chase brown,Unknown,CIN,Unknown,AWAY,Receptions,4.5,OVER,60.0,60.0,0,60.0,0.0,0.0,0.0,0.0,0.0,0.0,0.0,0.0,
12,2024,parlay_1763675948068,3,generated,False,christian watson,Unknown,GB,Unknown,AWAY,Receptions,3.5,UNDER,60.0,60.0,0,60.0,0.0,0.0,0.0,0.0,0.0,0.0,0.0,0.0,
12,2024,parlay_1763675948068,4,generated,False,aj brown,Unknown,PHI,Unknown,AWAY,Receptions,4.5,OVER,60.0,60.0,0,60.0,0.0,0.0,0.0,0.0,0.0,0.0,0.0,0.0,
12,2024,parlay_1763675948079,1,generated,False,devonta smith,Unknown,PHI,Unknown,AWAY,Receptions,4.5,OVER,60.0,60.0,0,60.0,0.0,0.0,0.0,0.0,0.0,0.0,0.0,0.0,
12,2024,parlay_1763675948079,2,generated,False,romeo doubs,Unknown,GB,Unknown,AWAY,Rec Yds,50.5,UNDER,60.0,60.0,0,60.0,0.0,0.0,0.0,0.0,0.0,0.0,0.0,0.0,
12,2024,parlay_1763675948079,3,generated,False,jaxon smith-njigba,Unknown,SEA,Unknown,AWAY,Receptions,7.5,OVER,60.0,60.0,0,60.0,0.0,0.0,0.0,0.0,0.0,0.0,0.0,0.0,
12,2024,parlay_1763675948079,4,generated,False,cooper kupp,Unknown,SEA,Unknown,AWAY,Receptions,2.5,OVER,60.0,60.0,0,60.0,0.0,0.0,0.0,0.0,0.0,0.0,0.0,0.0,
12,2024,parlay_1763688545527,1,generated,False,khalil shakir,Unknown,BUF,Unknown,AWAY,Receptions,4.5,OVER,66.0,66.0,0,66.0,0.0,0.0,0.0,0.0,0.0,0.0,0.0,0.0,
12,2024,parlay_1763688545527,2,generated,False,trevor lawrence,Unknown,JAC,Unknown,AWAY,Pass Yds,213.5,OVER,66.0,66.0,0,66.0,0.0,0.0,0.0,0.0,0.0,0.0,0.0,0.0,
12,2024,parlay_1763688545554,1,generated,False,brock purdy,Unknown,SF,Unknown,AWAY,Pass Yds,249.5,OVER,66.0,66.0,0,66.0,0.0,0.0,0.0,0.0,0.0,0.0,0.0,0.0,
12,2024,parlay_1763688545554,2,generated,False,drake maye,Unknown,NE,Unknown,AWAY,Pass Completions,20.5,OVER,66.0,66.0,0,66.0,0.0,0.0,0.0,0.0,0.0,0.0,0.0,0.0,
12,2024,parlay_1763688545566,1,generated,False,hunter henry,Unknown,NE,Unknown,AWAY,Rec Yds,40.5,OVER,65.0,65.0,0,65.0,0.0,0.0,0.0,0.0,0.0,0.0,0.0,0.0,
12,2024,parlay_1763688545566,2,generated,False,alvin kamara,Unknown,NO,Unknown,AWAY,Rush Attempts,15.5,UNDER,65.0,65.0,0,65.0,0.0,0.0,0.0,0.0,0.0,0.0,0.0,0.0,
12,2024,parlay_1763688545578,1,generated,False,josh allen,Unknown,BUF,Unknown,AWAY,Pass Completions,19.5,OVER,65.0,65.0,0,65.0,0.0,0.0,0.0,0.0,0.0,0.0,0.0,0.0,
12,2024,parlay_1763688545578,2,generated,False,christian mccaffrey,Unknown,SF,Unknown,AWAY,Rec Yds,42.5,OVER,65.0,65.0,0,65.0,0.0,0.0,0.0,0.0,0.0,0.0,0.0,0.0,
12,2024,parlay_1763688545590,1,generated,False,tetairoa mcmillan,Unknown,CAR,Unknown,AWAY,Rec Yds,59.5,OVER,63.0,63.0,0,63.0,0.0,0.0,0.0,0.0,0.0,0.0,0.0,0.0,
12,2024,parlay_1763688545590,2,generated,False,jared goff,Unknown,DET,Unknown,AWAY,Pass Yds,258.5,OVER,63.0,63.0,0,63.0,0.0,0.0,0.0,0.0,0.0,0.0,0.0,0.0,
12,2024,parlay_1763688545590,3,generated,False,brian thomas jr,Unknown,JAC,Unknown,AWAY,Receptions,4.5,OVER,63.0,63.0,0,63.0,0.0,0.0,0.0,0.0,0.0,0.0,0.0,0.0,
12,2024,parlay_1763688545602,1,generated,False,matthew golden,Unknown,GB,Unknown,AWAY,Receptions,2.5,UNDER,63.0,63.0,0,63.0,0.0,0.0,0.0,0.0,0.0,0.0,0.0,0.0,
12,2024,parlay_1763688545602,2,generated,False,tyrell shavers,Unknown,BUF,Unknown,AWAY,Receptions,1.5,OVER,63.0,63.0,0,63.0,0.0,0.0,0.0,0.0,0.0,0.0,0.0,0.0,
12,2024,parlay_1763688545602,3,generated,False,sam darnold,Unknown,SEA,Unknown,AWAY,Pass Completions,19.5,OVER,63.0,63.0,0,63.0,0.0,0.0,0.0,0.0,0.0,0.0,0.0,0.0,
12,2024,parlay_1763688545615,1,generated,False,travis etienne jr,Unknown,JAC,Unknown,AWAY,Rec Yds,13.5,OVER,62.0,62.0,0,62.0,0.0,0.0,0.0,0.0,0.0,0.0,0.0,0.0,
12,2024,parlay_1763688545615,2,generated,False,bryce young,Unknown,CAR,Unknown,AWAY,Pass Yds,200.5,OVER,62.0,62.0,0,62.0,0.0,0.0,0.0,0.0,0.0,0.0,0.0,0.0,
12,2024,parlay_1763688545615,3,generated,False,joshua palmer,Unknown,BUF,Unknown,AWAY,Receptions,2.5,OVER,62.0,62.0,0,62.0,0.0,0.0,0.0,0.0,0.0,0.0,0.0,0.0,
12,2024,parlay_1763688545627,1,generated,False,ty johnson,Unknown,BUF,Unknown,AWAY,Rec Yds,8.5,OVER,61.0,61.0,0,61.0,0.0,0.0,0.0,0.0,0.0,0.0,0.0,0.0,
12,2024,parlay_1763688545627,2,generated,False,aj barner,Unknown,SEA,Unknown,AWAY,Receptions,3.5,OVER,61.0,61.0,0,61.0,0.0,0.0,0.0,0.0,0.0,0.0,0.0,0.0,
12,2024,parlay_1763688545627,3,generated,False,dontayvion wicks,Unknown,GB,Unknown,AWAY,Rec Yds,20.5,UNDER,61.0,61.0,0,61.0,0.0,0.0,0.0,0.0,0.0,0.0,0.0,0.0,
12,2024,parlay_1763688545639,1,generated,False,jaxson dart,Unknown,NYG,Unknown,AWAY,Pass TDs,1.5,UNDER,60.0,60.0,0,60.0,0.0,0.0,0.0,0.0,0.0,0.0,0.0,0.0,
12,2024,parlay_1763688545639,2,generated,False,chase brown,Unknown,CIN,Unknown,AWAY,Receptions,4.5,OVER,60.0,60.0,0,60.0,0.0,0.0,0.0,0.0,0.0,0.0,0.0,0.0,
12,2024,parlay_1763688545639,3,generated,False,christian watson,Unknown,GB,Unknown,AWAY,Receptions,3.5,UNDER,60.0,60.0,0,60.0,0.0,0.0,0.0,0.0,0.0,0.0,0.0,0.0,
12,2024,parlay_1763688545639,4,generated,False,aj brown,Unknown,PHI,Unknown,AWAY,Receptions,4.5,OVER,60.0,60.0,0,60.0,0.0,0.0,0.0,0.0,0.0,0.0,0.0,0.0,
12,2024,parlay_1763688545650,1,generated,False,devonta smith,Unknown,PHI,Unknown,AWAY,Receptions,4.5,OVER,60.0,60.0,0,60.0,0.0,0.0,0.0,0.0,0.0,0.0,0.0,0.0,
12,2024,parlay_1763688545650,2,generated,False,romeo doubs,Unknown,GB,Unknown,AWAY,Rec Yds,50.5,UNDER,60.0,60.0,0,60.0,0.0,0.0,0.0,0.0,0.0,0.0,0.0,0.0,
12,2024,parlay_1763688545650,3,generated,False,jaxon smith-njigba,Unknown,SEA,Unknown,AWAY,Receptions,7.5,OVER,60.0,60.0,0,60.0,0.0,0.0,0.0,0.0,0.0,0.0,0.0,0.0,
12,2024,parlay_1763688545650,4,generated,False,cooper kupp,Unknown,SEA,Unknown,AWAY,Receptions,2.5,OVER,60.0,60.0,0,60.0,0.0,0.0,0.0,0.0,0.0,0.0,0.0,0.0,
12,2024,parlay_1763689949309,1,generated,False,khalil shakir,Unknown,BUF,Unknown,AWAY,Receptions,4.5,OVER,66.0,66.0,0,66.0,0.0,0.0,0.0,0.0,0.0,0.0,0.0,0.0,
12,2024,parlay_1763689949309,2,generated,False,trevor lawrence,Unknown,JAC,Unknown,AWAY,Pass Yds,213.5,OVER,66.0,66.0,0,66.0,0.0,0.0,0.0,0.0,0.0,0.0,0.0,0.0,
12,2024,parlay_1763689949334,1,generated,False,brock purdy,Unknown,SF,Unknown,AWAY,Pass Yds,249.5,OVER,66.0,66.0,0,66.0,0.0,0.0,0.0,0.0,0.0,0.0,0.0,0.0,
12,2024,parlay_1763689949334,2,generated,False,drake maye,Unknown,NE,Unknown,AWAY,Pass Completions,20.5,OVER,66.0,66.0,0,66.0,0.0,0.0,0.0,0.0,0.0,0.0,0.0,0.0,
12,2024,parlay_1763689949345,1,generated,False,hunter henry,Unknown,NE,Unknown,AWAY,Rec Yds,40.5,OVER,65.0,65.0,0,65.0,0.0,0.0,0.0,0.0,0.0,0.0,0.0,0.0,
12,2024,parlay_1763689949345,2,generated,False,alvin kamara,Unknown,NO,Unknown,AWAY,Rush Attempts,15.5,UNDER,65.0,65.0,0,65.0,0.0,0.0,0.0,0.0,0.0,0.0,0.0,0.0,
12,2024,parlay_1763689949356,1,generated,False,josh allen,Unknown,BUF,Unknown,AWAY,Pass Completions,19.5,OVER,65.0,65.0,0,65.0,0.0,0.0,0.0,0.0,0.0,0.0,0.0,0.0,
12,2024,parlay_1763689949356,2,generated,False,christian mccaffrey,Unknown,SF,Unknown,AWAY,Rec Yds,42.5,OVER,65.0,65.0,0,65.0,0.0,0.0,0.0,0.0,0.0,0.0,0.0,0.0,
12,2024,parlay_1763689949367,1,generated,False,tetairoa mcmillan,Unknown,CAR,Unknown,AWAY,Rec Yds,59.5,OVER,63.0,63.0,0,63.0,0.0,0.0,0.0,0.0,0.0,0.0,0.0,0.0,
12,2024,parlay_1763689949367,2,generated,False,jared goff,Unknown,DET,Unknown,AWAY,Pass Yds,258.5,OVER,63.0,63.0,0,63.0,0.0,0.0,0.0,0.0,0.0,0.0,0.0,0.0,
12,2024,parlay_1763689949367,3,generated,False,brian thomas jr,Unknown,JAC,Unknown,AWAY,Receptions,4.5,OVER,63.0,63.0,0,63.0,0.0,0.0,0.0,0.0,0.0,0.0,0.0,0.0,
12,2024,parlay_1763689949378,1,generated,False,matthew golden,Unknown,GB,Unknown,AWAY,Receptions,2.5,UNDER,63.0,63.0,0,63.0,0.0,0.0,0.0,0.0,0.0,0.0,0.0,0.0,
12,2024,parlay_1763689949378,2,generated,False,tyrell shavers,Unknown,BUF,Unknown,AWAY,Receptions,1.5,OVER,63.0,63.0,0,63.0,0.0,0.0,0.0,0.0,0.0,0.0,0.0,0.0,
12,2024,parlay_1763689949378,3,generated,False,sam darnold,Unknown,SEA,Unknown,AWAY,Pass Completions,19.5,OVER,63.0,63.0,0,63.0,0.0,0.0,0.0,0.0,0.0,0.0,0.0,0.0,
12,2024,parlay_1763689949389,1,generated,False,travis etienne jr,Unknown,JAC,Unknown,AWAY,Rec Yds,13.5,OVER,62.0,62.0,0,62.0,0.0,0.0,0.0,0.0,0.0,0.0,0.0,0.0,
12,2024,parlay_1763689949389,2,generated,False,bryce young,Unknown,CAR,Unknown,AWAY,Pass Yds,200.5,OVER,62.0,62.0,0,62.0,0.0,0.0,0.0,0.0,0.0,0.0,0.0,0.0,
12,2024,parlay_1763689949389,3,generated,False,joshua palmer,Unknown,BUF,Unknown,AWAY,Receptions,2.5,OVER,62.0,62.0,0,62.0,0.0,0.0,0.0,0.0,0.0,0.0,0.0,0.0,
12,2024,parlay_1763689949405,1,generated,False,ty johnson,Unknown,BUF,Unknown,AWAY,Rec Yds,8.5,OVER,61.0,61.0,0,61.0,0.0,0.0,0.0,0.0,0.0,0.0,0.0,0.0,
12,2024,parlay_1763689949405,2,generated,False,aj barner,Unknown,SEA,Unknown,AWAY,Receptions,3.5,OVER,61.0,61.0,0,61.0,0.0,0.0,0.0,0.0,0.0,0.0,0.0,0.0,
12,2024,parlay_1763689949405,3,generated,False,dontayvion wicks,Unknown,GB,Unknown,AWAY,Rec Yds,20.5,UNDER,61.0,61.0,0,61.0,0.0,0.0,0.0,0.0,0.0,0.0,0.0,0.0,
12,2024,parlay_1763689949415,1,generated,False,jaxson dart,Unknown,NYG,Unknown,AWAY,Pass TDs,1.5,UNDER,60.0,60.0,0,60.0,0.0,0.0,0.0,0.0,0.0,0.0,0.0,0.0,
12,2024,parlay_1763689949415,2,generated,False,chase brown,Unknown,CIN,Unknown,AWAY,Receptions,4.5,OVER,60.0,60.0,0,60.0,0.0,0.0,0.0,0.0,0.0,0.0,0.0,0.0,
12,2024,parlay_1763689949415,3,generated,False,christian watson,Unknown,GB,Unknown,AWAY,Receptions,3.5,UNDER,60.0,60.0,0,60.0,0.0,0.0,0.0,0.0,0.0,0.0,0.0,0.0,
12,2024,parlay_1763689949415,4,generated,False,aj brown,Unknown,PHI,Unknown,AWAY,Receptions,4.5,OVER,60.0,60.0,0,60.0,0.0,0.0,0.0,0.0,0.0,0.0,0.0,0.0,
12,2024,parlay_1763689949428,1,generated,False,romeo doubs,Unknown,GB,Unknown,AWAY,Rec Yds,50.5,UNDER,60.0,60.0,0,60.0,0.0,0.0,0.0,0.0,0.0,0.0,0.0,0.0,
12,2024,parlay_1763689949428,2,generated,False,devonta smith,Unknown,PHI,Unknown,AWAY,Receptions,4.5,OVER,60.0,60.0,0,60.0,0.0,0.0,0.0,0.0,0.0,0.0,0.0,0.0,
12,2024,parlay_1763689949428,3,generated,False,jaxon smith-njigba,Unknown,SEA,Unknown,AWAY,Receptions,7.5,OVER,60.0,60.0,0,60.0,0.0,0.0,0.0,0.0,0.0,0.0,0.0,0.0,
12,2024,parlay_1763689949428,4,generated,False,cooper kupp,Unknown,SEA,Unknown,AWAY,Receptions,2.5,OVER,60.0,60.0,0,60.0,0.0,0.0,0.0,0.0,0.0,0.0,0.0,0.0,
12,2024,parlay_1763690736651,1,generated,False,khalil shakir,Unknown,BUF,Unknown,AWAY,Receptions,4.5,OVER,66.0,66.0,0,66.0,0.0,0.0,0.0,0.0,0.0,0.0,0.0,0.0,
12,2024,parlay_1763690736651,2,generated,False,trevor lawrence,Unknown,JAC,Unknown,AWAY,Pass Yds,213.5,OVER,66.0,66.0,0,66.0,0.0,0.0,0.0,0.0,0.0,0.0,0.0,0.0,
12,2024,parlay_1763690736682,1,generated,False,brock purdy,Unknown,SF,Unknown,AWAY,Pass Yds,249.5,OVER,66.0,66.0,0,66.0,0.0,0.0,0.0,0.0,0.0,0.0,0.0,0.0,
12,2024,parlay_1763690736682,2,generated,False,drake maye,Unknown,NE,Unknown,AWAY,Pass Completions,20.5,OVER,66.0,66.0,0,66.0,0.0,0.0,0.0,0.0,0.0,0.0,0.0,0.0,
12,2024,parlay_1763690736696,1,generated,False,hunter henry,Unknown,NE,Unknown,AWAY,Rec Yds,40.5,OVER,65.0,65.0,0,65.0,0.0,0.0,0.0,0.0,0.0,0.0,0.0,0.0,
12,2024,parlay_1763690736696,2,generated,False,alvin kamara,Unknown,NO,Unknown,AWAY,Rush Attempts,15.5,UNDER,65.0,65.0,0,65.0,0.0,0.0,0.0,0.0,0.0,0.0,0.0,0.0,
12,2024,parlay_1763690736711,1,generated,False,josh allen,Unknown,BUF,Unknown,AWAY,Pass Completions,19.5,OVER,65.0,65.0,0,65.0,0.0,0.0,0.0,0.0,0.0,0.0,0.0,0.0,
12,2024,parlay_1763690736711,2,generated,False,christian mccaffrey,Unknown,SF,Unknown,AWAY,Rec Yds,42.5,OVER,65.0,65.0,0,65.0,0.0,0.0,0.0,0.0,0.0,0.0,0.0,0.0,
12,2024,parlay_1763690736730,1,generated,False,tetairoa mcmillan,Unknown,CAR,Unknown,AWAY,Rec Yds,59.5,OVER,63.0,63.0,0,63.0,0.0,0.0,0.0,0.0,0.0,0.0,0.0,0.0,
12,2024,parlay_1763690736730,2,generated,False,jared goff,Unknown,DET,Unknown,AWAY,Pass Yds,258.5,OVER,63.0,63.0,0,63.0,0.0,0.0,0.0,0.0,0.0,0.0,0.0,0.0,
12,2024,parlay_1763690736730,3,generated,False,brian thomas jr,Unknown,JAC,Unknown,AWAY,Receptions,4.5,OVER,63.0,63.0,0,63.0,0.0,0.0,0.0,0.0,0.0,0.0,0.0,0.0,
12,2024,parlay_1763690736746,1,generated,False,matthew golden,Unknown,GB,Unknown,AWAY,Receptions,2.5,UNDER,63.0,63.0,0,63.0,0.0,0.0,0.0,0.0,0.0,0.0,0.0,0.0,
12,2024,parlay_1763690736746,2,generated,False,tyrell shavers,Unknown,BUF,Unknown,AWAY,Receptions,1.5,OVER,63.0,63.0,0,63.0,0.0,0.0,0.0,0.0,0.0,0.0,0.0,0.0,
12,2024,parlay_1763690736746,3,generated,False,sam darnold,Unknown,SEA,Unknown,AWAY,Pass Completions,19.5,OVER,63.0,63.0,0,63.0,0.0,0.0,0.0,0.0,0.0,0.0,0.0,0.0,
12,2024,parlay_1763690736760,1,generated,False,travis etienne jr,Unknown,JAC,Unknown,AWAY,Rec Yds,13.5,OVER,62.0,62.0,0,62.0,0.0,0.0,0.0,0.0,0.0,0.0,0.0,0.0,
12,2024,parlay_1763690736760,2,generated,False,bryce young,Unknown,CAR,Unknown,AWAY,Pass Yds,200.5,OVER,62.0,62.0,0,62.0,0.0,0.0,0.0,0.0,0.0,0.0,0.0,0.0,
12,2024,parlay_1763690736760,3,generated,False,joshua palmer,Unknown,BUF,Unknown,AWAY,Receptions,2.5,OVER,62.0,62.0,0,62.0,0.0,0.0,0.0,0.0,0.0,0.0,0.0,0.0,
12,2024,parlay_1763690736773,1,generated,False,ty johnson,Unknown,BUF,Unknown,AWAY,Rec Yds,8.5,OVER,61.0,61.0,0,61.0,0.0,0.0,0.0,0.0,0.0,0.0,0.0,0.0,
12,2024,parlay_1763690736773,2,generated,False,aj barner,Unknown,SEA,Unknown,AWAY,Receptions,3.5,OVER,61.0,61.0,0,61.0,0.0,0.0,0.0,0.0,0.0,0.0,0.0,0.0,
12,2024,parlay_1763690736773,3,generated,False,dontayvion wicks,Unknown,GB,Unknown,AWAY,Rec Yds,20.5,UNDER,61.0,61.0,0,61.0,0.0,0.0,0.0,0.0,0.0,0.0,0.0,0.0,
12,2024,parlay_1763690736787,1,generated,False,jaxson dart,Unknown,NYG,Unknown,AWAY,Pass TDs,1.5,UNDER,60.0,60.0,0,60.0,0.0,0.0,0.0,0.0,0.0,0.0,0.0,0.0,
12,2024,parlay_1763690736787,2,generated,False,chase brown,Unknown,CIN,Unknown,AWAY,Receptions,4.5,OVER,60.0,60.0,0,60.0,0.0,0.0,0.0,0.0,0.0,0.0,0.0,0.0,
12,2024,parlay_1763690736787,3,generated,False,christian watson,Unknown,GB,Unknown,AWAY,Receptions,3.5,UNDER,60.0,60.0,0,60.0,0.0,0.0,0.0,0.0,0.0,0.0,0.0,0.0,
12,2024,parlay_1763690736787,4,generated,False,aj brown,Unknown,PHI,Unknown,AWAY,Receptions,4.5,OVER,60.0,60.0,0,60.0,0.0,0.0,0.0,0.0,0.0,0.0,0.0,0.0,
12,2024,parlay_1763690736802,1,generated,False,romeo doubs,Unknown,GB,Unknown,AWAY,Rec Yds,50.5,UNDER,60.0,60.0,0,60.0,0.0,0.0,0.0,0.0,0.0,0.0,0.0,0.0,
12,2024,parlay_1763690736802,2,generated,False,devonta smith,Unknown,PHI,Unknown,AWAY,Receptions,4.5,OVER,60.0,60.0,0,60.0,0.0,0.0,0.0,0.0,0.0,0.0,0.0,0.0,
12,2024,parlay_1763690736802,3,generated,False,jaxon smith-njigba,Unknown,SEA,Unknown,AWAY,Receptions,7.5,OVER,60.0,60.0,0,60.0,0.0,0.0,0.0,0.0,0.0,0.0,0.0,0.0,
12,2024,parlay_1763690736802,4,generated,False,cooper kupp,Unknown,SEA,Unknown,AWAY,Receptions,2.5,OVER,60.0,60.0,0,60.0,0.0,0.0,0.0,0.0,0.0,0.0,0.0,0.0,
12,2024,parlay_1763692148008,1,generated,False,khalil shakir,Unknown,BUF,Unknown,AWAY,Receptions,4.5,OVER,66.0,66.0,0,66.0,0.0,0.0,0.0,0.0,0.0,0.0,0.0,0.0,
12,2024,parlay_1763692148008,2,generated,False,brock purdy,Unknown,SF,Unknown,AWAY,Pass Yds,249.5,OVER,66.0,66.0,0,66.0,0.0,0.0,0.0,0.0,0.0,0.0,0.0,0.0,
12,2024,parlay_1763692148030,1,generated,False,trevor lawrence,Unknown,JAC,Unknown,AWAY,Pass Yds,213.5,OVER,66.0,66.0,0,66.0,0.0,0.0,0.0,0.0,0.0,0.0,0.0,0.0,
12,2024,parlay_1763692148030,2,generated,False,drake maye,Unknown,NE,Unknown,AWAY,Pass Completions,20.5,OVER,66.0,66.0,0,66.0,0.0,0.0,0.0,0.0,0.0,0.0,0.0,0.0,
12,2024,parlay_1763692148043,1,generated,False,hunter henry,Unknown,NE,Unknown,AWAY,Rec Yds,40.5,OVER,65.0,65.0,0,65.0,0.0,0.0,0.0,0.0,0.0,0.0,0.0,0.0,
12,2024,parlay_1763692148043,2,generated,False,josh allen,Unknown,BUF,Unknown,AWAY,Pass Completions,19.5,OVER,65.0,65.0,0,65.0,0.0,0.0,0.0,0.0,0.0,0.0,0.0,0.0,
12,2024,parlay_1763692148055,1,generated,False,alvin kamara,Unknown,NO,Unknown,AWAY,Rush Attempts,15.5,UNDER,65.0,65.0,0,65.0,0.0,0.0,0.0,0.0,0.0,0.0,0.0,0.0,
12,2024,parlay_1763692148055,2,generated,False,christian mccaffrey,Unknown,SF,Unknown,AWAY,Rec Yds,42.5,OVER,65.0,65.0,0,65.0,0.0,0.0,0.0,0.0,0.0,0.0,0.0,0.0,
12,2024,parlay_1763692148066,1,generated,False,tetairoa mcmillan,Unknown,CAR,Unknown,AWAY,Rec Yds,59.5,OVER,63.0,63.0,0,63.0,0.0,0.0,0.0,0.0,0.0,0.0,0.0,0.0,
12,2024,parlay_1763692148066,2,generated,False,jared goff,Unknown,DET,Unknown,AWAY,Pass Yds,258.5,OVER,63.0,63.0,0,63.0,0.0,0.0,0.0,0.0,0.0,0.0,0.0,0.0,
12,2024,parlay_1763692148066,3,generated,False,brian thomas jr,Unknown,JAC,Unknown,AWAY,Receptions,4.5,OVER,63.0,63.0,0,63.0,0.0,0.0,0.0,0.0,0.0,0.0,0.0,0.0,
12,2024,parlay_1763692148078,1,generated,False,matthew golden,Unknown,GB,Unknown,AWAY,Receptions,2.5,UNDER,63.0,63.0,0,63.0,0.0,0.0,0.0,0.0,0.0,0.0,0.0,0.0,
12,2024,parlay_1763692148078,2,generated,False,tyrell shavers,Unknown,BUF,Unknown,AWAY,Receptions,1.5,OVER,63.0,63.0,0,63.0,0.0,0.0,0.0,0.0,0.0,0.0,0.0,0.0,
12,2024,parlay_1763692148078,3,generated,False,sam darnold,Unknown,SEA,Unknown,AWAY,Pass Completions,19.5,OVER,63.0,63.0,0,63.0,0.0,0.0,0.0,0.0,0.0,0.0,0.0,0.0,
12,2024,parlay_1763692148090,1,generated,False,travis etienne jr,Unknown,JAC,Unknown,AWAY,Rec Yds,13.5,OVER,62.0,62.0,0,62.0,0.0,0.0,0.0,0.0,0.0,0.0,0.0,0.0,
12,2024,parlay_1763692148090,2,generated,False,bryce young,Unknown,CAR,Unknown,AWAY,Pass Yds,200.5,OVER,62.0,62.0,0,62.0,0.0,0.0,0.0,0.0,0.0,0.0,0.0,0.0,
12,2024,parlay_1763692148090,3,generated,False,joshua palmer,Unknown,BUF,Unknown,AWAY,Receptions,2.5,OVER,62.0,62.0,0,62.0,0.0,0.0,0.0,0.0,0.0,0.0,0.0,0.0,
12,2024,parlay_1763692148102,1,generated,False,ty johnson,Unknown,BUF,Unknown,AWAY,Rec Yds,8.5,OVER,61.0,61.0,0,61.0,0.0,0.0,0.0,0.0,0.0,0.0,0.0,0.0,
12,2024,parlay_1763692148102,2,generated,False,aj barner,Unknown,SEA,Unknown,AWAY,Receptions,3.5,OVER,61.0,61.0,0,61.0,0.0,0.0,0.0,0.0,0.0,0.0,0.0,0.0,
12,2024,parlay_1763692148102,3,generated,False,dontayvion wicks,Unknown,GB,Unknown,AWAY,Rec Yds,20.5,UNDER,61.0,61.0,0,61.0,0.0,0.0,0.0,0.0,0.0,0.0,0.0,0.0,
12,2024,parlay_1763692148113,1,generated,False,jaxson dart,Unknown,NYG,Unknown,AWAY,Pass TDs,1.5,UNDER,60.0,60.0,0,60.0,0.0,0.0,0.0,0.0,0.0,0.0,0.0,0.0,
12,2024,parlay_1763692148113,2,generated,False,chase brown,Unknown,CIN,Unknown,AWAY,Receptions,4.5,OVER,60.0,60.0,0,60.0,0.0,0.0,0.0,0.0,0.0,0.0,0.0,0.0,
12,2024,parlay_1763692148113,3,generated,False,christian watson,Unknown,GB,Unknown,AWAY,Receptions,3.5,UNDER,60.0,60.0,0,60.0,0.0,0.0,0.0,0.0,0.0,0.0,0.0,0.0,
12,2024,parlay_1763692148113,4,generated,False,aj brown,Unknown,PHI,Unknown,AWAY,Receptions,4.5,OVER,60.0,60.0,0,60.0,0.0,0.0,0.0,0.0,0.0,0.0,0.0,0.0,
12,2024,parlay_1763692148124,1,generated,False,devonta smith,Unknown,PHI,Unknown,AWAY,Receptions,4.5,OVER,60.0,60.0,0,60.0,0.0,0.0,0.0,0.0,0.0,0.0,0.0,0.0,
12,2024,parlay_1763692148124,2,generated,False,romeo doubs,Unknown,GB,Unknown,AWAY,Rec Yds,50.5,UNDER,60.0,60.0,0,60.0,0.0,0.0,0.0,0.0,0.0,0.0,0.0,0.0,
12,2024,parlay_1763692148124,3,generated,False,jaxon smith-njigba,Unknown,SEA,Unknown,AWAY,Receptions,7.5,OVER,60.0,60.0,0,60.0,0.0,0.0,0.0,0.0,0.0,0.0,0.0,0.0,
12,2024,parlay_1763692148124,4,generated,False,cooper kupp,Unknown,SEA,Unknown,AWAY,Receptions,2.5,OVER,60.0,60.0,0,60.0,0.0,0.0,0.0,0.0,0.0,0.0,0.0,0.0,
12,2024,parlay_1763841224137,1,generated,False,khalil shakir,Unknown,BUF,Unknown,AWAY,Receptions,4.5,OVER,66.0,66.0,0,66.0,0.0,0.0,0.0,0.0,0.0,0.0,0.0,0.0,
12,2024,parlay_1763841224137,2,generated,False,trevor lawrence,Unknown,JAC,Unknown,AWAY,Pass Yds,213.5,OVER,66.0,66.0,0,66.0,0.0,0.0,0.0,0.0,0.0,0.0,0.0,0.0,
12,2024,parlay_1763841224168,1,generated,False,brock purdy,Unknown,SF,Unknown,AWAY,Pass Yds,249.5,OVER,66.0,66.0,0,66.0,0.0,0.0,0.0,0.0,0.0,0.0,0.0,0.0,
12,2024,parlay_1763841224168,2,generated,False,drake maye,Unknown,NE,Unknown,AWAY,Pass Completions,20.5,OVER,66.0,66.0,0,66.0,0.0,0.0,0.0,0.0,0.0,0.0,0.0,0.0,
12,2024,parlay_1763841224181,1,generated,False,hunter henry,Unknown,NE,Unknown,AWAY,Rec Yds,40.5,OVER,65.0,65.0,0,65.0,0.0,0.0,0.0,0.0,0.0,0.0,0.0,0.0,
12,2024,parlay_1763841224181,2,generated,False,alvin kamara,Unknown,NO,Unknown,AWAY,Rush Attempts,15.5,UNDER,65.0,65.0,0,65.0,0.0,0.0,0.0,0.0,0.0,0.0,0.0,0.0,
12,2024,parlay_1763841224195,1,generated,False,josh allen,Unknown,BUF,Unknown,AWAY,Pass Completions,19.5,OVER,65.0,65.0,0,65.0,0.0,0.0,0.0,0.0,0.0,0.0,0.0,0.0,
12,2024,parlay_1763841224195,2,generated,False,christian mccaffrey,Unknown,SF,Unknown,AWAY,Rec Yds,42.5,OVER,65.0,65.0,0,65.0,0.0,0.0,0.0,0.0,0.0,0.0,0.0,0.0,
12,2024,parlay_1763841224209,1,generated,False,tetairoa mcmillan,Unknown,CAR,Unknown,AWAY,Rec Yds,59.5,OVER,63.0,63.0,0,63.0,0.0,0.0,0.0,0.0,0.0,0.0,0.0,0.0,
12,2024,parlay_1763841224209,2,generated,False,jared goff,Unknown,DET,Unknown,AWAY,Pass Yds,258.5,OVER,63.0,63.0,0,63.0,0.0,0.0,0.0,0.0,0.0,0.0,0.0,0.0,
12,2024,parlay_1763841224209,3,generated,False,brian thomas jr,Unknown,JAC,Unknown,AWAY,Receptions,4.5,OVER,63.0,63.0,0,63.0,0.0,0.0,0.0,0.0,0.0,0.0,0.0,0.0,
12,2024,parlay_1763841224222,1,generated,False,matthew golden,Unknown,GB,Unknown,AWAY,Receptions,2.5,UNDER,63.0,63.0,0,63.0,0.0,0.0,0.0,0.0,0.0,0.0,0.0,0.0,
12,2024,parlay_1763841224222,2,generated,False,tyrell shavers,Unknown,BUF,Unknown,AWAY,Receptions,1.5,OVER,63.0,63.0,0,63.0,0.0,0.0,0.0,0.0,0.0,0.0,0.0,0.0,
12,2024,parlay_1763841224222,3,generated,False,sam darnold,Unknown,SEA,Unknown,AWAY,Pass Completions,19.5,OVER,63.0,63.0,0,63.0,0.0,0.0,0.0,0.0,0.0,0.0,0.0,0.0,
12,2024,parlay_1763841224236,1,generated,False,travis etienne jr,Unknown,JAC,Unknown,AWAY,Rec Yds,13.5,OVER,62.0,62.0,0,62.0,0.0,0.0,0.0,0.0,0.0,0.0,0.0,0.0,
12,2024,parlay_1763841224236,2,generated,False,bryce young,Unknown,CAR,Unknown,AWAY,Pass Yds,200.5,OVER,62.0,62.0,0,62.0,0.0,0.0,0.0,0.0,0.0,0.0,0.0,0.0,
12,2024,parlay_1763841224236,3,generated,False,joshua palmer,Unknown,BUF,Unknown,AWAY,Receptions,2.5,OVER,62.0,62.0,0,62.0,0.0,0.0,0.0,0.0,0.0,0.0,0.0,0.0,
12,2024,parlay_1763841224248,1,generated,False,ty johnson,Unknown,BUF,Unknown,AWAY,Rec Yds,8.5,OVER,61.0,61.0,0,61.0,0.0,0.0,0.0,0.0,0.0,0.0,0.0,0.0,
12,2024,parlay_1763841224248,2,generated,False,aj barner,Unknown,SEA,Unknown,AWAY,Receptions,3.5,OVER,61.0,61.0,0,61.0,0.0,0.0,0.0,0.0,0.0,0.0,0.0,0.0,
12,2024,parlay_1763841224248,3,generated,False,dontayvion wicks,Unknown,GB,Unknown,AWAY,Rec Yds,20.5,UNDER,61.0,61.0,0,61.0,0.0,0.0,0.0,0.0,0.0,0.0,0.0,0.0,
12,2024,parlay_1763841224264,1,generated,False,jaxson dart,Unknown,NYG,Unknown,AWAY,Pass TDs,1.5,UNDER,60.0,60.0,0,60.0,0.0,0.0,0.0,0.0,0.0,0.0,0.0,0.0,
12,2024,parlay_1763841224264,2,generated,False,chase brown,Unknown,CIN,Unknown,AWAY,Receptions,4.5,OVER,60.0,60.0,0,60.0,0.0,0.0,0.0,0.0,0.0,0.0,0.0,0.0,
12,2024,parlay_1763841224264,3,generated,False,christian watson,Unknown,GB,Unknown,AWAY,Receptions,3.5,UNDER,60.0,60.0,0,60.0,0.0,0.0,0.0,0.0,0.0,0.0,0.0,0.0,
12,2024,parlay_1763841224264,4,generated,False,aj brown,Unknown,PHI,Unknown,AWAY,Receptions,4.5,OVER,60.0,60.0,0,60.0,0.0,0.0,0.0,0.0,0.0,0.0,0.0,0.0,
12,2024,parlay_1763841224276,1,generated,False,devonta smith,Unknown,PHI,Unknown,AWAY,Receptions,4.5,OVER,60.0,60.0,0,60.0,0.0,0.0,0.0,0.0,0.0,0.0,0.0,0.0,
12,2024,parlay_1763841224276,2,generated,False,romeo doubs,Unknown,GB,Unknown,AWAY,Rec Yds,50.5,UNDER,60.0,60.0,0,60.0,0.0,0.0,0.0,0.0,0.0,0.0,0.0,0.0,
12,2024,parlay_1763841224276,3,generated,False,jaxon smith-njigba,Unknown,SEA,Unknown,AWAY,Receptions,7.5,OVER,60.0,60.0,0,60.0,0.0,0.0,0.0,0.0,0.0,0.0,0.0,0.0,
12,2024,parlay_1763841224276,4,generated,False,cooper kupp,Unknown,SEA,Unknown,AWAY,Receptions,2.5,OVER,60.0,60.0,0,60.0,0.0,0.0,0.0,0.0,0.0,0.0,0.0,0.0,
12,2024,parlay_1763841833135,1,generated,False,khalil shakir,Unknown,BUF,Unknown,AWAY,Receptions,4.5,OVER,66.0,66.0,0,66.0,0.0,0.0,0.0,0.0,0.0,0.0,0.0,0.0,
12,2024,parlay_1763841833135,2,generated,False,trevor lawrence,Unknown,JAC,Unknown,AWAY,Pass Yds,213.5,OVER,66.0,66.0,0,66.0,0.0,0.0,0.0,0.0,0.0,0.0,0.0,0.0,
12,2024,parlay_1763841833167,1,generated,False,brock purdy,Unknown,SF,Unknown,AWAY,Pass Yds,249.5,OVER,66.0,66.0,0,66.0,0.0,0.0,0.0,0.0,0.0,0.0,0.0,0.0,
12,2024,parlay_1763841833167,2,generated,False,drake maye,Unknown,NE,Unknown,AWAY,Pass Completions,20.5,OVER,66.0,66.0,0,66.0,0.0,0.0,0.0,0.0,0.0,0.0,0.0,0.0,
12,2024,parlay_1763841833182,1,generated,False,hunter henry,Unknown,NE,Unknown,AWAY,Rec Yds,40.5,OVER,65.0,65.0,0,65.0,0.0,0.0,0.0,0.0,0.0,0.0,0.0,0.0,
12,2024,parlay_1763841833182,2,generated,False,alvin kamara,Unknown,NO,Unknown,AWAY,Rush Attempts,15.5,UNDER,65.0,65.0,0,65.0,0.0,0.0,0.0,0.0,0.0,0.0,0.0,0.0,
12,2024,parlay_1763841833195,1,generated,False,josh allen,Unknown,BUF,Unknown,AWAY,Pass Completions,19.5,OVER,65.0,65.0,0,65.0,0.0,0.0,0.0,0.0,0.0,0.0,0.0,0.0,
12,2024,parlay_1763841833195,2,generated,False,christian mccaffrey,Unknown,SF,Unknown,AWAY,Rec Yds,42.5,OVER,65.0,65.0,0,65.0,0.0,0.0,0.0,0.0,0.0,0.0,0.0,0.0,
12,2024,parlay_1763841833208,1,generated,False,tetairoa mcmillan,Unknown,CAR,Unknown,AWAY,Rec Yds,59.5,OVER,63.0,63.0,0,63.0,0.0,0.0,0.0,0.0,0.0,0.0,0.0,0.0,
12,2024,parlay_1763841833208,2,generated,False,jared goff,Unknown,DET,Unknown,AWAY,Pass Yds,258.5,OVER,63.0,63.0,0,63.0,0.0,0.0,0.0,0.0,0.0,0.0,0.0,0.0,
12,2024,parlay_1763841833208,3,generated,False,brian thomas jr,Unknown,JAC,Unknown,AWAY,Receptions,4.5,OVER,63.0,63.0,0,63.0,0.0,0.0,0.0,0.0,0.0,0.0,0.0,0.0,
12,2024,parlay_1763841833222,1,generated,False,matthew golden,Unknown,GB,Unknown,AWAY,Receptions,2.5,UNDER,63.0,63.0,0,63.0,0.0,0.0,0.0,0.0,0.0,0.0,0.0,0.0,
12,2024,parlay_1763841833222,2,generated,False,tyrell shavers,Unknown,BUF,Unknown,AWAY,Receptions,1.5,OVER,63.0,63.0,0,63.0,0.0,0.0,0.0,0.0,0.0,0.0,0.0,0.0,
12,2024,parlay_1763841833222,3,generated,False,sam darnold,Unknown,SEA,Unknown,AWAY,Pass Completions,19.5,OVER,63.0,63.0,0,63.0,0.0,0.0,0.0,0.0,0.0,0.0,0.0,0.0,
12,2024,parlay_1763841833235,1,generated,False,travis etienne jr,Unknown,JAC,Unknown,AWAY,Rec Yds,13.5,OVER,62.0,62.0,0,62.0,0.0,0.0,0.0,0.0,0.0,0.0,0.0,0.0,
12,2024,parlay_1763841833235,2,generated,False,bryce young,Unknown,CAR,Unknown,AWAY,Pass Yds,200.5,OVER,62.0,62.0,0,62.0,0.0,0.0,0.0,0.0,0.0,0.0,0.0,0.0,
12,2024,parlay_1763841833235,3,generated,False,joshua palmer,Unknown,BUF,Unknown,AWAY,Receptions,2.5,OVER,62.0,62.0,0,62.0,0.0,0.0,0.0,0.0,0.0,0.0,0.0,0.0,
12,2024,parlay_1763841833248,1,generated,False,ty johnson,Unknown,BUF,Unknown,AWAY,Rec Yds,8.5,OVER,61.0,61.0,0,61.0,0.0,0.0,0.0,0.0,0.0,0.0,0.0,0.0,
12,2024,parlay_1763841833248,2,generated,False,aj barner,Unknown,SEA,Unknown,AWAY,Receptions,3.5,OVER,61.0,61.0,0,61.0,0.0,0.0,0.0,0.0,0.0,0.0,0.0,0.0,
12,2024,parlay_1763841833248,3,generated,False,dontayvion wicks,Unknown,GB,Unknown,AWAY,Rec Yds,20.5,UNDER,61.0,61.0,0,61.0,0.0,0.0,0.0,0.0,0.0,0.0,0.0,0.0,
12,2024,parlay_1763841833262,1,generated,False,jaxson dart,Unknown,NYG,Unknown,AWAY,Pass TDs,1.5,UNDER,60.0,60.0,0,60.0,0.0,0.0,0.0,0.0,0.0,0.0,0.0,0.0,
12,2024,parlay_1763841833262,2,generated,False,chase brown,Unknown,CIN,Unknown,AWAY,Receptions,4.5,OVER,60.0,60.0,0,60.0,0.0,0.0,0.0,0.0,0.0,0.0,0.0,0.0,
12,2024,parlay_1763841833262,3,generated,False,christian watson,Unknown,GB,Unknown,AWAY,Receptions,3.5,UNDER,60.0,60.0,0,60.0,0.0,0.0,0.0,0.0,0.0,0.0,0.0,0.0,
12,2024,parlay_1763841833262,4,generated,False,aj brown,Unknown,PHI,Unknown,AWAY,Receptions,4.5,OVER,60.0,60.0,0,60.0,0.0,0.0,0.0,0.0,0.0,0.0,0.0,0.0,
12,2024,parlay_1763841833275,1,generated,False,devonta smith,Unknown,PHI,Unknown,AWAY,Receptions,4.5,OVER,60.0,60.0,0,60.0,0.0,0.0,0.0,0.0,0.0,0.0,0.0,0.0,
12,2024,parlay_1763841833275,2,generated,False,romeo doubs,Unknown,GB,Unknown,AWAY,Rec Yds,50.5,UNDER,60.0,60.0,0,60.0,0.0,0.0,0.0,0.0,0.0,0.0,0.0,0.0,
12,2024,parlay_1763841833275,3,generated,False,jaxon smith-njigba,Unknown,SEA,Unknown,AWAY,Receptions,7.5,OVER,60.0,60.0,0,60.0,0.0,0.0,0.0,0.0,0.0,0.0,0.0,0.0,
12,2024,parlay_1763841833275,4,generated,False,cooper kupp,Unknown,SEA,Unknown,AWAY,Receptions,2.5,OVER,60.0,60.0,0,60.0,0.0,0.0,0.0,0.0,0.0,0.0,0.0,0.0,
